No,Keywords,Volume,Position,Est. Visits,Seo Difficulty,Ranking Url
1,ボーネルンド,60500,1,14923,52,http://bornelund.co.jp/
2,uniqlo park,8100,1,3518,16,http://bornelund.co.jp/results/commercial-facilities/5699.html
3,あそび の もり,5400,1,2069,29,http://bornelund.co.jp/asobi-no-mori
4,あそびのもり,4400,1,1940,19,http://bornelund.co.jp/asobi-no-mori
5,ボーネルンド の おもちゃ,8100,2,1105,35,http://bornelund.co.jp/
6,ユニクロ パーク,3600,1,1029,31,http://bornelund.co.jp/results/commercial-facilities/5699.html
7,ルーピング,2400,1,962,12,http://bornelund.co.jp/saitamashintoshin/blog/3867/
8,ボーネルンド 本店,2400,1,794,37,http://bornelund.co.jp/honten/
9,砂場,40500,4,773,26,http://bornelund.co.jp/asobi-no-mori/study/1600.html
10,ボーネルンド本店,1900,1,763,37,http://bornelund.co.jp/honten/
11,ボーネルンドたまプラーザ,1600,1,582,18,http://bornelund.co.jp/tamaplaza-terrace/
12,ルーピング おもちゃ,1300,1,533,11,http://bornelund.co.jp/saitamashintoshin/blog/3867/
13,たまプラーザ ボーネルンド,1600,1,530,17,http://bornelund.co.jp/tamaplaza-terrace/
14,ルーピングおもちゃ,1300,1,520,11,http://bornelund.co.jp/saitamashintoshin/blog/3867/
15,エアトラック,1300,1,520,17,http://bornelund.co.jp/products/airtrack_factory
16,パルクール,40500,4,493,26,http://bornelund.co.jp/page/parkour_2012
17,ボーネルンド 武蔵村山,1000,1,477,18,http://bornelund.co.jp/musashimurayama/
18,ボーネルンド ルーピング,1000,1,464,18,http://bornelund.co.jp/saitamashintoshin/blog/3867/
19,ボーネルンド店舗,1300,1,461,40,http://bornelund.co.jp/shop
20,ボールネンド,1300,1,461,47,http://bornelund.co.jp/
21,ボーネルンド 川崎,1300,1,439,35,http://bornelund.co.jp/kawasaki/
22,ボーネルンド 店舗,1300,1,406,40,http://bornelund.co.jp/shop
23,ボーネルンド有明,1000,1,393,19,http://bornelund.co.jp/ariake/
24,ボーネルンド 有明,1000,1,388,26,http://bornelund.co.jp/ariake/
25,砂場遊び,880,1,328,19,http://bornelund.co.jp/asobi-no-mori/study/1600.html
26,ボーネルンド 大阪,4400,2,302,36,http://bornelund.co.jp/grandfront-osaka/
27,ボーネルンドのおもちゃ,8100,4,290,34,http://bornelund.co.jp/
28,マグ フォー マー 販売中止,480,1,250,13,http://bornelund.co.jp/news/2023/05
29,マグ フォー マー 事故,480,1,250,31,http://bornelund.co.jp/news/2023/05
30,有明ガーデン ボーネルンド,480,1,248,18,http://bornelund.co.jp/ariake/
31,マグ フォー マー 販売 中止,480,1,242,19,http://bornelund.co.jp/news/2023/05
32,ユニクロ park 横浜ベイサイド店,6600,2,218,18,http://bornelund.co.jp/results/commercial-facilities/5699.html
33,アイロンビーズ アイス,390,1,214,25,http://bornelund.co.jp/markis-minatomirai/events/3709/
34,ボーネルンド プレイヴィル,390,1,203,39,http://bornelund.co.jp/playground/playville
35,道の駅常総 遊び場,390,1,201,19,http://bornelund.co.jp/results/commercial-facilities/8096.html
36,道の駅 常総遊び場,390,1,201,19,http://bornelund.co.jp/results/commercial-facilities/8096.html
37,ボーネルンドあそび のせ かい グランフロント大阪店 あそび場 キドキド,3600,2,199,34,http://bornelund.co.jp/grandfront-osaka/
38,ボーネルンドプレイヴィル,390,1,196,39,http://bornelund.co.jp/playground/playville
39,道の駅 常総 遊び場,390,1,196,19,http://bornelund.co.jp/results/commercial-facilities/8096.html
40,アイロン ビーズ アイス,390,1,194,24,http://bornelund.co.jp/markis-minatomirai/events/3709/
41,道の駅常総遊び場,390,1,194,19,http://bornelund.co.jp/results/commercial-facilities/8096.html
42,アイロンビーズアイス,390,1,194,25,http://bornelund.co.jp/markis-minatomirai/events/3709/
43,ボーネルンド おもちゃ,8100,4,193,34,http://bornelund.co.jp/
44,ボーネルンド京都,390,1,190,15,http://bornelund.co.jp/kyoto-takashimaya/
45,二子玉川 ボーネルンド,390,1,189,18,http://bornelund.co.jp/futakotamagawa/
46,ユニクロ park 横浜 ベイサイド 店,6600,2,181,17,http://bornelund.co.jp/results/commercial-facilities/5699.html
47,ボーネルンド プレイ ヴィル,390,1,179,39,http://bornelund.co.jp/playground/playville
48,ボーネルンド 札幌,390,1,177,17,http://bornelund.co.jp/daimaru-sapporo/
49,ボーネルンド 京都,390,1,177,16,http://bornelund.co.jp/kyoto-takashimaya/
50,ボーネルンド 梅田,2400,2,155,32,http://bornelund.co.jp/grandfront-osaka/
51,梅田 ボーネルンド,2400,2,148,34,http://bornelund.co.jp/grandfront-osaka/
52,二子 玉川 ボーネルンド,320,1,142,16,http://bornelund.co.jp/tamagawa-takashimaya/
53,ユニクロ パーク 横浜,320,1,142,18,http://bornelund.co.jp/results/commercial-facilities/5699.html
54,ボーネルンドとは,320,1,140,23,http://bornelund.co.jp/
55,光の広場万博,320,1,139,26,http://bornelund.co.jp/page/earthatplay_2025
56,株式会社ボーネルンド,320,1,137,25,http://bornelund.co.jp/
57,ポールネンド,320,1,137,37,http://bornelund.co.jp/
58,ボーネルンド福岡,320,1,137,25,http://bornelund.co.jp/page/public-playground_list
59,ボーネルンド 天王寺,1600,2,135,36,http://bornelund.co.jp/tennojipark/
60,武蔵小杉 キドキド,1600,2,135,17,http://bornelund.co.jp/grandtree-musashikosugi/
61,川崎 ボーネルンド,1300,2,135,25,http://bornelund.co.jp/kawasaki/
62,ボーネルンド どこ の国,320,1,129,35,http://bornelund.co.jp/company/history.html
63,光の広場 万博,320,1,125,21,http://bornelund.co.jp/page/earthatplay_2025
64,ユニクロパーク 横浜,320,1,125,35,http://bornelund.co.jp/results/commercial-facilities/5699.html
65,ボーネルンド 二子玉川,320,1,125,16,http://bornelund.co.jp/tamagawa-takashimaya/
66,アイロンビーズ箱,320,1,123,26,http://bornelund.co.jp/sogo-yokohama/blog/2642/
67,ボーネルンド プレイヴィル 大阪城公園,2900,2,123,28,http://bornelund.co.jp/oosakajou-park/
68,ボーネルンド どこの国,320,1,122,36,http://bornelund.co.jp/company/history.html
69,ボーネルンド 福岡,320,1,119,25,http://bornelund.co.jp/page/public-playground_list
70,有明 ボーネルンド,320,1,119,34,http://bornelund.co.jp/ariake/
71,ボーネルンドあそびのせかい テラスモール湘南店,1000,2,116,26,http://bornelund.co.jp/terracemall-shonan/
72,ボーネルンドあそびのせかい 川崎ルフロン店,1000,2,116,25,http://bornelund.co.jp/kawasaki/
73,キドキド たまプラーザ,1000,2,116,17,http://bornelund.co.jp/tamaplaza-terrace/
74,たまプラーザ キドキド,1000,2,116,17,http://bornelund.co.jp/tamaplaza-terrace/
75,武蔵小杉 ボーネルンド,2400,2,112,15,http://bornelund.co.jp/grandtree-musashikosugi/
76,ボーネルンド 武蔵小杉,2400,2,112,15,http://bornelund.co.jp/grandtree-musashikosugi/
77,ボーネルンドコーナー 江別蔦屋書店,320,1,108,13,http://bornelund.co.jp/ebetsu-tsutaya/
78,アイロンビーズ 箱,320,1,108,26,http://bornelund.co.jp/sogo-yokohama/blog/2642/
79,ボーネルンド名古屋,1900,2,101,37,http://bornelund.co.jp/takashimaya-gatetowermall/
80,武蔵 小杉 キドキド,1600,2,97,17,http://bornelund.co.jp/grandtree-musashikosugi/
81,わくわくヒルズ,1300,2,88,16,http://bornelund.co.jp/results/childcare-support/6041.html
82,郡山 ペップキッズ,9900,9,88,24,http://bornelund.co.jp/results/childcare-support/904.html
83,ボーネルンド川崎,1300,2,88,35,http://bornelund.co.jp/kawasaki/
84,ボーネルンドあそびのせかい学園南店,1900,2,86,35,http://bornelund.co.jp/gakuenminami/
85,mooovi 尼崎,3600,5,84,32,http://bornelund.co.jp/results/boatkidspark-mooovi/7046.html
86,ボーネルンド 遊び場,4400,9,83,36,http://bornelund.co.jp/page/public-playground_list
87,ボーネルンド天王寺,1600,2,81,38,http://bornelund.co.jp/tennojipark/
88,武蔵小杉キドキド,1600,2,81,17,http://bornelund.co.jp/grandtree-musashikosugi/
89,ボーネルンド キドキド,2900,7,80,38,http://bornelund.co.jp/
90,キドキド ボーネルンド,2900,7,80,43,http://bornelund.co.jp/
91,砂遊び,2400,2,79,22,http://bornelund.co.jp/asobi-no-mori/study/1600.html
92,キッズランド 西郷,1900,5,77,18,http://bornelund.co.jp/results/childcare-support/916.html
93,モーヴィ 唐津,1900,5,77,17,http://bornelund.co.jp/results/boatkidspark-mooovi/7001.html
94,ボーネルンドあそびのせかい マークイズみなとみらい店,1900,5,77,19,http://bornelund.co.jp/markis-minatomirai/
95,川口 あ そ ぶーん,1300,2,76,29,http://bornelund.co.jp/results/childcare-support/7193.html
96,ボーネルンド あそび のせ かい テラス モール 湘南 店,1000,2,76,26,http://bornelund.co.jp/terracemall-shonan/
97,ボーネルンドあそび のせ かい テラスモール湘南店,1000,2,73,26,http://bornelund.co.jp/terracemall-shonan/
98,ボーネルンド あそび のせ かい テラスモール湘南店,1000,2,73,26,http://bornelund.co.jp/terracemall-shonan/
99,ボーネルンドあそび のせ かい 川崎 ルフロン 店,1000,2,73,25,http://bornelund.co.jp/kawasaki/
100,ぷれ ぴか,1000,5,73,13,http://bornelund.co.jp/results/childcare-support/6054.html
101,ボーネルンド 名古屋,1900,5,73,37,http://bornelund.co.jp/
102,グルーン 常滑,1900,6,71,17,http://bornelund.co.jp/results/park/6755.html
103,アイロンビーズ猫,1300,2,70,22,http://bornelund.co.jp/sogo-yokohama/blog/3850/
104,ボーネルンド みなとみらい,1900,6,70,36,http://bornelund.co.jp/markis-minatomirai/
105,ボーネルンド プレイ ヴィル 天王寺公園,2400,2,69,38,http://bornelund.co.jp/tennojipark/
106,キドキドたまプラーザ,1000,2,69,26,http://bornelund.co.jp/tamaplaza-terrace/
107,げんきキッズパーク 二本松,2900,7,68,14,http://bornelund.co.jp/results/childcare-support/908.html
108,ボーネルンド プレイキューブ,2400,7,66,27,http://bornelund.co.jp/playground
109,ボーネルンド 武蔵 小杉,2400,2,66,15,http://bornelund.co.jp/grandtree-musashikosugi/
110,ボーネルンド 積木,1900,8,64,35,http://bornelund.co.jp/
111,顔に見える 現象,1900,8,64,22,http://bornelund.co.jp/tokyu-kichijoji/blog/5713/
112,たまプラーザキドキド,1000,2,63,26,http://bornelund.co.jp/tamaplaza-terrace/
113,アイロンビーズ 猫,1300,6,62,22,http://bornelund.co.jp/sogo-yokohama/blog/3850/
114,ボーネルンド 神戸,1000,6,62,28,http://bornelund.co.jp/
115,アイロンビーズ アイロンのかけ方,1300,8,61,16,http://bornelund.co.jp/sogo-yokohama/blog/3207/
116,コースター アイロンビーズ,1300,8,61,24,http://bornelund.co.jp/gakuenminami/blog/971/
117,玩具と は,3600,10,61,24,http://bornelund.co.jp/mind/tools.html
118,ボーネルンド プレイ ヴィル 天王寺 公園,2400,2,61,38,http://bornelund.co.jp/tennojipark/
119,ペップキッズ 郡山,9900,10,61,16,http://bornelund.co.jp/results/childcare-support/904.html
120,横浜 そごう 閉店セール,590,2,60,45,http://bornelund.co.jp/sogo-yokohama/blog/7530/
121,神戸 ボーネルンド,1000,5,60,37,http://bornelund.co.jp/gakuenminami/
122,横浜そごう 閉店 セール,590,2,60,45,http://bornelund.co.jp/sogo-yokohama/blog/7530/
123,アイロンビーズ 花,1000,6,59,28,http://bornelund.co.jp/kokura-izutsuya/blog/1147/
124,友愛パーク 朝日,1600,8,58,16,http://bornelund.co.jp/results/park/924.html
125,ボーネルンド アクアプレイ,1000,7,58,28,http://bornelund.co.jp/daikanyama/blog/875/
126,アイロンビーズ アイロンかけ方,1300,9,57,17,http://bornelund.co.jp/sogo-yokohama/blog/3207/
127,赤い 家のこどもクリニック,1000,8,57,20,http://bornelund.co.jp/results/medical-facilities/5700.html
128,キドキド 川崎,390,2,55,26,http://bornelund.co.jp/kawasaki/
129,ボーネルンド 学園南,390,2,55,27,http://bornelund.co.jp/gakuenminami/
130,ららぽーと ボーネルンド,480,2,54,17,http://bornelund.co.jp/lalaport-expocity/
131,イイナパーク川口 アソブーン,480,2,54,35,http://bornelund.co.jp/results/childcare-support/7193.html
132,ボーネルンド あそび のせ かい,5400,9,49,46,http://bornelund.co.jp/
133,ボーネルンドあそび のせ かい,5400,8,45,50,http://bornelund.co.jp/
134,天王寺 ボーネルンド,480,2,43,36,http://bornelund.co.jp/tennojipark/
135,ボーネルンド あそび のせ かい マークイズみなとみらい店,1900,3,43,18,http://bornelund.co.jp/markis-minatomirai/
136,キドキド 武蔵小杉,1600,3,42,17,http://bornelund.co.jp/grandtree-musashikosugi/
137,ペップ キッズ こおり やま,9900,9,41,24,http://bornelund.co.jp/results/childcare-support/904.html
138,キドキド川崎,390,2,41,35,http://bornelund.co.jp/kawasaki/
139,ボーネルンド流山,320,2,39,35,http://bornelund.co.jp/nagareyamaootakanomori/
140,アイロンビーズ お菓子,390,2,39,21,http://bornelund.co.jp/sogo-yokohama/blog/3795/
141,キッズピアあしかが,5400,4,39,17,http://bornelund.co.jp/results/childcare-support/894.html
142,にっこりあ,320,2,39,15,http://bornelund.co.jp/results/childcare-support/3583.html
143,アイロンビーズ いちご,390,2,39,22,http://bornelund.co.jp/sogo-yokohama/blog/2549/
144,hugood たかいし,1900,4,39,17,http://bornelund.co.jp/results/childcare-support/2710.html
145,キドキドボーネルンド さいたま新都心店,590,3,39,22,http://bornelund.co.jp/saitamashintoshin/
146,ボーネルンドあそびのせかい,5400,8,39,41,http://bornelund.co.jp/
147,みなとみらい ボーネルンド,1900,4,39,18,http://bornelund.co.jp/markis-minatomirai/
148,大阪城 ボーネルンド,320,2,38,23,http://bornelund.co.jp/oosakajou-park/
149,ボーネルンド テラスモール,320,2,38,26,http://bornelund.co.jp/terracemall-shonan/
150,テラスモール ボーネルンド,320,2,38,34,http://bornelund.co.jp/terracemall-shonan/
151,グランフロント キドキド,480,3,37,34,http://bornelund.co.jp/grandfront-osaka/
152,ボーネルンド グランフロント,2400,4,37,23,http://bornelund.co.jp/grandfront-osaka/
153,キッズランド 小山,2400,4,37,31,http://bornelund.co.jp/results/childcare-support/2135.html
154,キドキド グランフロント,480,3,37,21,http://bornelund.co.jp/grandfront-osaka/
155,ペップキッズこおりやま,9900,9,35,24,http://bornelund.co.jp/results/childcare-support/904.html
156,前橋プラザ元気21,6600,8,35,19,http://bornelund.co.jp/results/childcare-support/902.html
157,モーヴィ唐津,1900,4,34,17,http://bornelund.co.jp/results/boatkidspark-mooovi/7001.html
158,うさぎアイロンビーズ,320,3,34,22,http://bornelund.co.jp/sogo-yokohama/blog/2586/
159,ボーネルンド 大阪城,1000,3,34,37,http://bornelund.co.jp/oosakajou-park/
160,キドキド武蔵小杉,1600,3,34,17,http://bornelund.co.jp/grandtree-musashikosugi/
161,小山 キッズランド,1000,3,34,24,http://bornelund.co.jp/results/childcare-support/2135.html
162,モービー唐津,1300,3,34,20,http://bornelund.co.jp/results/boatkidspark-mooovi/7001.html
163,キッズランド にし ごう,1900,4,34,18,http://bornelund.co.jp/results/childcare-support/916.html
164,asoboon,480,2,34,20,http://bornelund.co.jp/results/childcare-support/7193.html
165,未来くるやぶき,1900,4,34,20,http://bornelund.co.jp/results/childcare-support/914.html
166,hugoodたかいし,1900,4,34,17,http://bornelund.co.jp/results/childcare-support/2710.html
167,ボーネルンドみなとみらい,1900,4,34,18,http://bornelund.co.jp/markis-minatomirai/
168,atc ウミエール広場,720,3,33,27,http://bornelund.co.jp/results/commercial-facilities/1017.html
169,mooovi常滑,4400,4,33,17,http://bornelund.co.jp/results/boatkidspark-mooovi/6775.html
170,モーヴィ 芦屋,2400,4,33,25,http://bornelund.co.jp/results/boatkidspark-mooovi/6892.html
171,グランフロント ボーネルンド,2400,3,32,37,http://bornelund.co.jp/grandfront-osaka/
172,ペップキッズ,4400,6,32,24,http://bornelund.co.jp/results/childcare-support/904.html
173,asobono,4400,6,32,39,http://bornelund.co.jp/results/commercial-facilities/1023.html
174,アイロンビーズ ネコ,1300,4,32,23,http://bornelund.co.jp/sogo-yokohama/blog/3850/
175,アイロンビーズいちご,390,2,31,22,http://bornelund.co.jp/sogo-yokohama/blog/2549/
176,アイロンビーズ ねこ,1300,4,31,22,http://bornelund.co.jp/sogo-yokohama/blog/3850/
177,アクアプレイ,1900,4,31,22,http://bornelund.co.jp/iwataya/blog/2772/
178,ペップキッズ郡山,9900,7,31,16,http://bornelund.co.jp/results/childcare-support/904.html
179,アイロンビーズお菓子,390,2,31,21,http://bornelund.co.jp/sogo-yokohama/blog/3795/
180,おもちゃ売場,3600,5,30,34,http://bornelund.co.jp/shop
181,ボーネルンド あそびのせかい,5400,37,29,42,http://bornelund.co.jp/shop
182,アソブーン,5400,4,29,18,http://bornelund.co.jp/results/childcare-support/7193.html
183,キッズ ランド にし ごう,1900,4,28,18,http://bornelund.co.jp/results/childcare-support/916.html
184,キドキド グラン フロント,480,3,28,30,http://bornelund.co.jp/grandfront-osaka/
185,キッズランドにしごう,1900,4,28,18,http://bornelund.co.jp/results/childcare-support/916.html
186,あそびのせかい タカシマヤゲートタワーモール店,1600,4,28,17,http://bornelund.co.jp/takashimaya-gatetowermall/
187,キッズランド小山,2400,4,28,31,http://bornelund.co.jp/results/childcare-support/2135.html
188,キッズ ランド 小山,2400,4,27,30,http://bornelund.co.jp/results/childcare-support/2135.html
189,キドキド 有明,480,2,27,18,http://bornelund.co.jp/ariake/
190,キドキド有明,480,2,27,25,http://bornelund.co.jp/ariake/
191,mooovi尼崎,3600,5,26,21,http://bornelund.co.jp/results/boatkidspark-mooovi/7046.html
192,アイロンビーズの作り方,2400,5,26,21,http://bornelund.co.jp/sogo-yokohama/blog/3207/
193,ボーネルンドあそび のせ かい マークイズみなとみらい店,1900,5,26,27,http://bornelund.co.jp/markis-minatomirai/
194,moooviあまがさき,3600,5,26,28,http://bornelund.co.jp/results/boatkidspark-mooovi/7046.html
195,キッズ ランド 西郷,1900,5,26,18,http://bornelund.co.jp/results/childcare-support/916.html
196,あそびの森 もり っ 子,1300,5,25,15,http://bornelund.co.jp/contents/uploads/sites/2/2023/11/427a5f630b7dbcab24389819d848bb48.pdf
197,小山キッズランド,1000,3,25,19,http://bornelund.co.jp/results/childcare-support/2135.html
198,ボーネルンド大阪城,1000,3,25,36,http://bornelund.co.jp/oosakajou-park/
199,ヴァン フォーレ お しろ らんど,2900,5,25,17,http://bornelund.co.jp/results/childcare-support/6004.html
200,ひみっこぱーく,8100,7,24,25,http://bornelund.co.jp/contents/uploads/sites/2/2019/04/af2b6fc8cd5ec661e59f26fc370ca646.pdf
201,ボーネルンド 船橋,390,3,24,28,http://bornelund.co.jp/
202,ボーネルンド 新都心,1000,4,23,22,http://bornelund.co.jp/saitamashintoshin/
203,あそびのせかいタカシマヤゲートタワーモール店,1600,4,23,17,http://bornelund.co.jp/takashimaya-gatetowermall/
204,ボーネルンド プレイ ヴィル 大阪 城 公園,2900,6,23,32,http://bornelund.co.jp/playground/playville
205,ボーネルンド プレイ ヴィル 大阪城公園,2900,6,23,23,http://bornelund.co.jp/oosakajou-park/
206,アイロンビーズ うさぎ,480,3,23,18,http://bornelund.co.jp/sogo-yokohama/blog/2586/
207,パカラン 京都,320,2,23,19,http://bornelund.co.jp/results/kompan/9033.html
208,ボーネルンド船橋,390,3,23,36,http://bornelund.co.jp/
209,アイロンビーズ 魚,480,3,23,15,http://bornelund.co.jp/sogo-yokohama/blog/4667/
210,カ ブッキー ランド,3600,8,22,15,http://bornelund.co.jp/results/childcare-support/3570.html
211,京都競馬場 パカラン,320,2,22,29,http://bornelund.co.jp/results/kompan/9033.html
212,ボーネルンドキドキド,2900,6,22,45,http://bornelund.co.jp/
213,moooviからつ,2900,4,21,17,http://bornelund.co.jp/results/boatkidspark-mooovi/7001.html
214,mooovi芦屋,6600,4,21,26,http://bornelund.co.jp/results/boatkidspark-mooovi/6892.html
215,キッズランドおやま,2900,4,21,21,http://bornelund.co.jp/results/childcare-support/2135.html
216,モービー 唐津,1300,4,21,20,http://bornelund.co.jp/results/boatkidspark-mooovi/7001.html
217,キドキドボーネルンド,2900,5,21,49,http://bornelund.co.jp/ariake/
218,ボーネルンド ログイン,480,4,21,34,http://bornelund.co.jp/page/play-online_2302
219,あそび のせ かい タカシマヤ ゲートタワーモール店,1600,4,21,17,http://bornelund.co.jp/takashimaya-gatetowermall/
220,ボーネルンド ボール,480,4,20,16,http://bornelund.co.jp/
221,おもちゃ 売場,2900,31,20,27,http://bornelund.co.jp/daimaru-sapporo/
222,アイロンビーズアルファベット,880,3,20,17,http://bornelund.co.jp/sogo-yokohama/blog/6088/
223,グルーン とこ なめ,1900,6,19,17,http://bornelund.co.jp/results/park/6755.html
224,モーヴィ 常滑,720,4,19,17,http://bornelund.co.jp/results/boatkidspark-mooovi/6775.html
225,コミュニティパーク gruun,390,3,19,23,http://bornelund.co.jp/results/park/6755.html
226,池袋 おもちゃ,590,4,19,19,http://bornelund.co.jp/ikebukuro-tobu/
227,積み木ボーネルンド,320,4,19,24,http://bornelund.co.jp/markis-minatomirai/blog/5198/
228,アイロンビーズうさぎ,480,2,19,26,http://bornelund.co.jp/sogo-yokohama/blog/2586/
229,ボーネルンドログイン,480,5,19,15,http://bornelund.co.jp/page/play-online_2302
230,こいのぼり 意味,2900,26,19,29,http://bornelund.co.jp/honten/blog/221/
231,ボーネルンド プレイヴィル安満遺跡公園,6600,28,18,36,http://bornelund.co.jp/amaiseki-park/blog/
232,モーヴィ 尼崎,880,5,18,17,http://bornelund.co.jp/results/boatkidspark-mooovi/7046.html
233,ぐりんぐりん 春日井,3600,31,18,16,http://bornelund.co.jp/contents/uploads/sites/2/2022/01/c9308822149cce65d794771d66ed20eb.pdf
234,高島屋 ボーネルンド,260,3,18,18,http://bornelund.co.jp/takashimaya-gatetowermall/
235,tsutaya bookstore 常総インターチェンジ,5400,10,18,21,http://bornelund.co.jp/results/commercial-facilities/8096.html
236,アイロン ビーズ 花,1000,4,18,22,http://bornelund.co.jp/kokura-izutsuya/blog/1147/
237,ボーネルンド 高槻,2900,29,17,37,http://bornelund.co.jp/amaiseki-park/
238,海津市こども未来館,1300,4,17,20,http://bornelund.co.jp/contents/uploads/sites/2/2024/10/8cef490a389b82a6585b5bb64f0dcff2-1.pdf
239,うさぎ アイロンビーズ,320,3,17,19,http://bornelund.co.jp/sogo-yokohama/blog/2586/
240,あかがねキッズパーク,2900,5,17,17,http://bornelund.co.jp/results/childcare-support/2130.html
241,常総道の駅 遊び場,320,2,17,18,http://bornelund.co.jp/results/commercial-facilities/8096.html
242,ボーネルンド新都心,1000,4,17,22,http://bornelund.co.jp/saitamashintoshin/
243,キッズピア足利,1000,4,17,18,http://bornelund.co.jp/results/childcare-support/894.html
244,モーヴィ尼崎,880,4,17,17,http://bornelund.co.jp/results/boatkidspark-mooovi/7046.html
245,げんき キッズ パーク 二本松,2900,7,16,16,http://bornelund.co.jp/results/childcare-support/908.html
246,みなとみらい キドキド,590,5,16,35,http://bornelund.co.jp/markis-minatomirai/
247,カブッキーランド,3600,8,16,15,http://bornelund.co.jp/results/childcare-support/3570.html
248,ボーネルンド　ねんど,320,4,16,28,http://bornelund.co.jp/
249,ボーネルンドプレイヴィル大阪城公園,2900,6,16,32,http://bornelund.co.jp/playground/playville
250,アイロンビーズネコ,1300,4,16,23,http://bornelund.co.jp/sogo-yokohama/blog/3850/
251,げんきキッズパークにほんまつ,2900,6,16,16,http://bornelund.co.jp/results/childcare-support/908.html
252,エアートラック,1300,5,15,14,http://bornelund.co.jp/products/airtrack_factory
253,キッズピア 足利,1000,4,15,19,http://bornelund.co.jp/results/childcare-support/894.html
254,キドキド ボーネルンドあそび のせ かい,2900,13,15,37,http://bornelund.co.jp/ariake/
255,東大 和 あそび っ ぐ,590,5,15,17,http://bornelund.co.jp/results/boatkidspark-mooovi/8220.html
256,あそび っ く 東大 和,2900,4,14,19,http://bornelund.co.jp/results/boatkidspark-mooovi/8220.html
257,モーヴィ芦屋,2400,5,14,26,http://bornelund.co.jp/results/boatkidspark-mooovi/6892.html
258,すくすくーる,320,4,14,16,http://bornelund.co.jp/results/commercial-facilities/1027.html
259,モーヴィ戸田,2400,5,14,14,http://bornelund.co.jp/results/boatkidspark-mooovi/4500.html
260,キッズピア,1900,6,14,17,http://bornelund.co.jp/results/childcare-support/894.html
261,アイロンビーズお花,480,5,14,17,http://bornelund.co.jp/kokura-izutsuya/blog/1147/
262,キッズランド西郷,1900,5,14,18,http://bornelund.co.jp/results/childcare-support/916.html
263,ボーネルンドボール,480,4,14,25,http://bornelund.co.jp/
264,ボーネルンドエスコン,480,5,14,18,http://bornelund.co.jp/results/boatkidspark-mooovi/8042.html
265,デンパーク,33100,11,14,47,http://bornelund.co.jp/results/park/3595.html
266,スキン シップ を とる,390,2,14,21,http://bornelund.co.jp/asobi-no-mori/study/1689.html
267,芦屋モーヴィ,320,4,14,25,http://bornelund.co.jp/results/boatkidspark-mooovi/6892.html
268,アイロンビーズ花,1000,4,13,22,http://bornelund.co.jp/kokura-izutsuya/blog/1147/
269,帯広室内遊び場,480,5,13,16,http://bornelund.co.jp/contents/uploads/sites/2/2025/06/f8b84543b8b4f3e1496ffabe4509fce4-1.pdf
270,ボーネルンド ボブルス,320,4,13,16,http://bornelund.co.jp/honten/blog/770/
271,ウェルネス 取手,480,5,13,34,http://bornelund.co.jp/results/childcare-support/2141.html
272,ぷれ ぴか 都城,480,5,13,17,http://bornelund.co.jp/results/childcare-support/6054.html
273,水戸京成百貨店 閉店,880,6,13,22,http://bornelund.co.jp/mito/blog/574/
274,ボーネルンド プレイ ヴィル 安満遺跡公園,6600,17,13,36,http://bornelund.co.jp/playground/playville
275,水戸 京成百貨店 閉店,880,6,12,24,http://bornelund.co.jp/mito/blog/574/
276,木のおもちゃボーネルンド,590,5,12,36,http://bornelund.co.jp/
277,常総 道の駅 遊び場,320,2,12,18,http://bornelund.co.jp/results/commercial-facilities/8096.html
278,キドキド みなとみらい,590,6,12,35,http://bornelund.co.jp/markis-minatomirai/
279,水戸京成 百貨店 閉店,880,6,12,20,http://bornelund.co.jp/mito/blog/574/
280,池袋 おもちゃ屋,320,3,12,19,http://bornelund.co.jp/ikebukuro-tobu/
281,オホーツク公園,390,4,11,35,http://bornelund.co.jp/results/childcare-support/2727.html
282,キドキド ボーネルンド さいたま新都心店,590,4,11,22,http://bornelund.co.jp/saitamashintoshin/
283,ムービー芦屋,390,4,11,25,http://bornelund.co.jp/results/boatkidspark-mooovi/6892.html
284,スマイル パーク,8100,40,11,32,http://bornelund.co.jp/results/kompan/9048.html
285,博多 阪急 年末年始,480,6,10,40,http://bornelund.co.jp/hakata-hankyu/blog/4087/
286,世界 の遊び,6600,22,10,18,http://bornelund.co.jp/tools
287,ベイサイド 横浜,8100,22,10,42,http://bornelund.co.jp/results/commercial-facilities/5699.html
288,グラン フロント キドキド,480,4,10,30,http://bornelund.co.jp/grandfront-osaka/
289,ペップ キッズ 郡山,9900,10,9,16,http://bornelund.co.jp/results/childcare-support/904.html
290,芦屋 モーヴィ,320,4,9,25,http://bornelund.co.jp/results/boatkidspark-mooovi/6892.html
291,アイロン ビーズ ねこ,1300,6,9,22,http://bornelund.co.jp/sogo-yokohama/blog/3850/
292,グルーン常滑,1900,6,9,17,http://bornelund.co.jp/results/park/6755.html
293,マークイズ ボーネルンド,320,4,9,35,http://bornelund.co.jp/markis-minatomirai/
294,京都競馬場 遊び場,590,7,9,18,http://bornelund.co.jp/results/kompan/9033.html
295,ボーネルンド マークイズ,320,4,9,35,http://bornelund.co.jp/markis-minatomirai/
296,湘南 蔦 屋 書店,8100,23,8,39,http://bornelund.co.jp/results/commercial-facilities/1021.html
297,ボーネルンド プレイヴィル 安満遺跡公園,6600,23,8,35,http://bornelund.co.jp/amaiseki-park/
298,アイロン ビーズ ローマ字,320,4,8,25,http://bornelund.co.jp/sogo-yokohama/blog/6088/
299,グルーンとこなめ,1900,6,7,17,http://bornelund.co.jp/results/park/6755.html
300,池袋 おもちゃ 屋,320,3,7,19,http://bornelund.co.jp/ikebukuro-tobu/
301,アイロンビーズねこ,1300,6,7,22,http://bornelund.co.jp/sogo-yokohama/blog/3850/
302,博多阪急年末年始,480,6,7,40,http://bornelund.co.jp/hakata-hankyu/blog/4087/
303,キドキドさいたま新都心,480,5,7,37,http://bornelund.co.jp/saitamashintoshin/
304,キドキド 料金,390,6,7,37,http://bornelund.co.jp/page/price-revision_2403
305,シミュラクラ 現象,8100,15,7,11,http://bornelund.co.jp/tokyu-kichijoji/blog/5713/
306,スキン シップ をとる,390,4,7,16,http://bornelund.co.jp/asobi-no-mori/study/1689.html
307,お城ランド,480,5,7,17,http://bornelund.co.jp/results/childcare-support/6004.html
308,シリウス 大和,8100,11,7,35,http://bornelund.co.jp/results/childcare-support/2693.html
309,コースターアイロンビーズ,1300,8,7,24,http://bornelund.co.jp/gakuenminami/blog/971/
310,アイロンビーズアイロンのかけ方,1300,8,7,15,http://bornelund.co.jp/sogo-yokohama/blog/3207/
311,アイロンビーズ ネームプレート,320,5,7,20,http://bornelund.co.jp/lalaport-expocity/blog/1029/
312,アイロンビーズ 馬,390,5,7,25,http://bornelund.co.jp/tsuruya/blog/3261/
313,アイロンビーズ アイロン かけ方,1300,8,7,24,http://bornelund.co.jp/sogo-yokohama/blog/3207/
314,mooovi 常滑,4400,4,7,17,http://bornelund.co.jp/results/boatkidspark-mooovi/6775.html
315,泉南ロングパーク,27100,15,7,16,http://bornelund.co.jp/results/park/5878.html
316,ボーネルンドあそび のせ かい 大阪国際空港店,1900,12,6,19,http://bornelund.co.jp/oosaka-kokusai-kukou/
317,ミラクル 矢吹,320,7,6,16,http://bornelund.co.jp/results/childcare-support/914.html
318,アイロンビーズ イニシャル,720,5,6,21,http://bornelund.co.jp/terracemall-shonan/events/352/
319,キドキドみなとみらい,590,6,6,35,http://bornelund.co.jp/markis-minatomirai/
320,取手 ウェルネスプラザ,5400,11,6,36,http://bornelund.co.jp/results/childcare-support/2141.html
321,おしろらんど,1600,6,6,18,http://bornelund.co.jp/results/childcare-support/6004.html
322,アソブーン asoboon 写真,320,5,6,34,http://bornelund.co.jp/results/childcare-support/7193.html
323,アイロン ビーズ ハロウィン,880,6,6,25,http://bornelund.co.jp/abenoharukasu/blog/1996/
324,川口 ハイウェイ オアシス アソブーン,390,6,6,34,http://bornelund.co.jp/results/childcare-support/7193.html
325,鯉のぼり歌詞 お母さん,880,5,6,24,http://bornelund.co.jp/honten/blog/221/
326,スマイルキッズパーク,720,6,6,22,http://bornelund.co.jp/results/childcare-support/910.html
327,モービィ 芦屋,320,5,5,17,http://bornelund.co.jp/results/boatkidspark-mooovi/6892.html
328,かめまるランド,3600,10,5,15,http://bornelund.co.jp/results/childcare-support/6729.html
329,モーヴィ 蒲郡,1900,12,5,16,http://bornelund.co.jp/contents/uploads/sites/2/2024/04/eb005567b62e8a73e171431d64859fab.pdf
330,湘南蔦屋書店,8100,16,5,31,http://bornelund.co.jp/results/commercial-facilities/1021.html
331,南港atc,9900,18,5,40,http://bornelund.co.jp/results/commercial-facilities/1017.html
332,モーヴィ蒲郡,1900,12,5,16,http://bornelund.co.jp/contents/uploads/sites/2/2024/04/eb005567b62e8a73e171431d64859fab.pdf
333,友愛パーク,390,5,5,15,http://bornelund.co.jp/results/park/924.html
334,取手ウェルネスプラザ,5400,12,5,25,http://bornelund.co.jp/results/childcare-support/2141.html
335,アイロンビーズ お花,480,5,5,17,http://bornelund.co.jp/kokura-izutsuya/blog/1147/
336,木戸木戸,8100,13,5,19,http://bornelund.co.jp/
337,ボーネルンド エスコン,480,5,5,18,http://bornelund.co.jp/results/boatkidspark-mooovi/8042.html
338,川口 ハイウェイ オアシス,18100,13,5,25,http://bornelund.co.jp/results/childcare-support/7193.html
339,鯉のぼり 歌詞 お母さん,880,5,5,23,http://bornelund.co.jp/honten/blog/221/
340,アイロンビーズ アイロン,480,5,5,17,http://bornelund.co.jp/sogo-yokohama/blog/3207/
341,アイロンビーズ 図案アルファベット,480,5,5,16,http://bornelund.co.jp/sogo-yokohama/blog/6088/
342,落ち葉アート,3600,11,5,13,http://bornelund.co.jp/honten/blog/4524/
343,アイロン ビーズ お花,480,5,5,17,http://bornelund.co.jp/kokura-izutsuya/blog/1147/
344,玩具とは,3600,10,5,24,http://bornelund.co.jp/mind/tools.html
345,元気21プレイルーム,320,7,5,16,http://bornelund.co.jp/results/childcare-support/902.html
346,友愛 パーク 朝日,1600,8,5,16,http://bornelund.co.jp/results/park/924.html
347,グルーン,1000,6,5,31,http://bornelund.co.jp/results/park/6755.html
348,シミュラクラ現象,8100,13,5,20,http://bornelund.co.jp/tokyu-kichijoji/blog/5713/
349,waccu toyooka こども広場,390,5,5,13,http://bornelund.co.jp/contents/uploads/sites/2/2022/03/cc814ccbcb639a167b7cc85b359dcb86.pdf
350,ボーネルンド 赤池,390,5,5,23,http://bornelund.co.jp/primetree-akaike/blog/1770/
351,tsutaya 常総,390,6,5,21,http://bornelund.co.jp/results/commercial-facilities/8096.html
352,モーヴィ,1900,11,5,31,http://bornelund.co.jp/results/boatkidspark-mooovi/6892.html
353,ボーネルンド神戸,1000,6,5,28,http://bornelund.co.jp/
354,アイロンビーズ アルファベット 図案,390,4,5,25,http://bornelund.co.jp/sogo-yokohama/blog/6088/
355,アイロンビーズ魚,480,7,5,25,http://bornelund.co.jp/sogo-yokohama/blog/4667/
356,大和 シリウス 遊び場,320,6,5,14,http://bornelund.co.jp/results/childcare-support/2693.html
357,川口オアシス,390,5,5,32,http://bornelund.co.jp/results/childcare-support/7193.html
358,ボーネルンドアクアプレイ,1000,5,5,20,http://bornelund.co.jp/iwataya/blog/2772/
359,博多阪急 年末年始,480,7,4,40,http://bornelund.co.jp/hakata-hankyu/blog/4087/
360,泉北 高島屋 閉店,1600,13,4,26,http://bornelund.co.jp/senboku-takashimaya/blog/2416/
361,新宿 おもちゃ屋,720,12,4,21,http://bornelund.co.jp/isetan-shinjuku/
362,東郷元帥記念公園,3600,14,4,18,http://bornelund.co.jp/results/park/9809.html
363,りんくう南浜公園,2400,13,4,28,http://bornelund.co.jp/results/park/5878.html
364,軽井沢 キッズパーク kidspark,1000,12,4,17,http://bornelund.co.jp/results/commercial-facilities/9762.html
365,mooovi芦屋 写真,320,5,4,26,http://bornelund.co.jp/results/boatkidspark-mooovi/6892.html
366,小学校 遊具,590,8,4,12,http://bornelund.co.jp/elementary-school/schoolyard.html
367,帯広 室内 遊び場,480,6,4,16,http://bornelund.co.jp/contents/uploads/sites/2/2025/06/f8b84543b8b4f3e1496ffabe4509fce4-1.pdf
368,キッズピア足利 時間,390,8,4,18,http://bornelund.co.jp/results/childcare-support/894.html
369,モービー尼崎,390,6,4,25,http://bornelund.co.jp/results/boatkidspark-mooovi/7046.html
370,アイロンビーズハロウィン,880,5,4,21,http://bornelund.co.jp/abenoharukasu/blog/1996/
371,キッズピア 足利 時間,390,9,4,18,http://bornelund.co.jp/results/childcare-support/894.html
372,紙コップ ロケット,3600,16,4,15,http://bornelund.co.jp/daikanyama/blog/1813/
373,アイロン ビーズ 魚,480,8,4,19,http://bornelund.co.jp/sogo-yokohama/blog/4667/
374,玩具 と おもちゃ の違い,260,8,4,13,http://bornelund.co.jp/mind/tools.html
375,元気21 プレイルーム,320,8,4,16,http://bornelund.co.jp/results/childcare-support/902.html
376,万博遊び場,390,9,4,22,http://bornelund.co.jp/page/earthatplay_2025
377,二本松キッズパーク,480,8,4,15,http://bornelund.co.jp/results/childcare-support/908.html
378,アイロンビーズ 新幹線,590,10,4,21,http://bornelund.co.jp/daimarutokyo/blog/2898/
379,アイロンビーズ作り方,2400,12,4,23,http://bornelund.co.jp/sogo-yokohama/blog/3207/
380,鯉のぼり歌詞お母さん,880,5,4,23,http://bornelund.co.jp/honten/blog/221/
381,元気21 遊び場,320,5,4,26,http://bornelund.co.jp/results/childcare-support/902.html
382,こども のとりで,320,6,4,16,http://bornelund.co.jp/results/childcare-support/2141.html
383,プレイヴィル,320,5,4,23,http://bornelund.co.jp/oosakajou-park/
384,大阪国際女子マラソン 交通規制,1000,12,4,16,http://bornelund.co.jp/oosakajou-park/blog/1770/
385,アイロン ビーズ アルファベット 小さい,320,9,4,16,http://bornelund.co.jp/sogo-yokohama/blog/6088/
386,前橋元気プラザ21,6600,13,4,25,http://bornelund.co.jp/results/childcare-support/902.html
387,ボブルス ボーネルンド,320,6,4,17,http://bornelund.co.jp/honten/blog/770/
388,落葉アート,3600,14,4,16,http://bornelund.co.jp/honten/blog/4524/
389,泉南 遊び場,320,9,4,33,http://bornelund.co.jp/results/park/5878.html
390,大宮そごう閉店 いつ,1000,12,4,23,http://bornelund.co.jp/sogo-omiya/blog/1228/
391,アイロンビーズ猫かわいい,320,6,4,19,http://bornelund.co.jp/sogo-yokohama/blog/3850/
392,大宮そごう 閉店 いつ,1000,12,4,23,http://bornelund.co.jp/sogo-omiya/blog/1228/
393,泉南 公園,880,7,4,34,http://bornelund.co.jp/results/park/5878.html
394,エスコン ボーネルンド,590,8,4,18,http://bornelund.co.jp/results/boatkidspark-mooovi/8042.html
395,帯広 室内遊び場,480,9,3,16,http://bornelund.co.jp/contents/uploads/sites/2/2025/06/f8b84543b8b4f3e1496ffabe4509fce4-1.pdf
396,淀競馬場 公園,480,14,3,35,http://bornelund.co.jp/results/kompan/9033.html
397,グルーン 丸亀,390,9,3,15,http://bornelund.co.jp/results/boatkidspark-mooovi/8247.html
398,ボーネルンド おもちゃ0歳,320,7,3,32,http://bornelund.co.jp/page/akachan-playtime
399,ジャングルジム 札幌店,1300,16,3,22,http://bornelund.co.jp/sapporo-odori/blog/5007/
400,二本松 キッズパーク,480,8,3,15,http://bornelund.co.jp/results/childcare-support/908.html
401,ボーネルンド おもちゃ 0歳,320,7,3,32,http://bornelund.co.jp/page/akachan-playtime
402,横浜 アウトレット店舗一覧,2400,28,3,43,http://bornelund.co.jp/results/commercial-facilities/5699.html
403,奈良市 にじいろ,480,16,3,34,http://bornelund.co.jp/results/childcare-support/8131.html
404,学校　遊具,390,7,3,15,http://bornelund.co.jp/elementary-school/schoolyard.html
405,アソボーノ 東京,390,15,3,37,http://bornelund.co.jp/results/commercial-facilities/1023.html
406,ボーネルンド 伊丹,1600,24,3,27,http://bornelund.co.jp/oosaka-kokusai-kukou/
407,わくわく ひろば に じ,390,9,3,13,http://bornelund.co.jp/results/childcare-support/918.html
408,高島屋 おもちゃ 売り場,320,7,3,37,http://bornelund.co.jp/takashimaya-gatetowermall/
409,パルクール 教室,3600,16,3,26,http://bornelund.co.jp/page/parkour_2012
410,ビーズアイロン 作り方,2400,17,3,23,http://bornelund.co.jp/sogo-yokohama/blog/3207/
411,ボーネルンド ゾウ,320,8,3,21,http://bornelund.co.jp/honten/blog/770/
412,アイロンビーズの 作り方,2400,17,3,23,http://bornelund.co.jp/sogo-yokohama/blog/3207/
413,ラトルキャンディ,320,7,3,20,http://bornelund.co.jp/grandtree-musashikosugi/blog/4769/
414,くまキッズ,2900,17,3,21,http://bornelund.co.jp/contents/uploads/sites/2/2026/03/bcacd902e3ff2d37761c19e6382ad065-1.pdf
415,学校の遊具,390,6,3,15,http://bornelund.co.jp/elementary-school/schoolyard.html
416,大阪国際女子マラソン交通規制,1000,13,3,15,http://bornelund.co.jp/oosakajou-park/blog/1770/
417,グルーン丸亀,390,9,3,14,http://bornelund.co.jp/results/boatkidspark-mooovi/8247.html
418,キドキド 名古屋,590,13,3,26,http://bornelund.co.jp/takashimaya-gatetowermall/
419,山下直樹,320,6,3,16,http://bornelund.co.jp/asobi-no-mori/study/7529.html
420,シリウス げんきっこ広場,320,7,3,15,http://bornelund.co.jp/results/childcare-support/2693.html
421,アイロンビーズ アルファベット 小さい,320,9,3,16,http://bornelund.co.jp/sogo-yokohama/blog/6088/
422,げんきキッズパーク にほん まつ,2900,10,3,15,http://bornelund.co.jp/results/childcare-support/908.html
423,ボーネルンドおもちゃ 0歳,320,7,3,32,http://bornelund.co.jp/page/akachan-playtime
424,ウェルネスプラザ,720,11,3,33,http://bornelund.co.jp/results/childcare-support/2141.html
425,マグ フォー マー,14800,46,3,33,http://bornelund.co.jp/honten/blog/638/
426,京都競馬場遊び場,590,8,3,18,http://bornelund.co.jp/results/kompan/9033.html
427,ビック カーサ 堺しらさぎ 駅前,320,9,3,15,http://bornelund.co.jp/results/housing-complex/931.html
428,ボートランド,1300,12,3,20,http://bornelund.co.jp/results/boatkidspark-mooovi/6775.html
429,紙コップロケット,3600,17,3,13,http://bornelund.co.jp/daikanyama/blog/1813/
430,紙 コップ ロケット,3600,16,3,15,http://bornelund.co.jp/daikanyama/blog/1813/
431,アソブーン 予約,480,8,3,16,http://bornelund.co.jp/results/childcare-support/7193.html
432,ラトルキャンディー,320,6,3,23,http://bornelund.co.jp/grandtree-musashikosugi/blog/4769/
433,ガタゴト 京都,480,13,3,10,http://bornelund.co.jp/results/childcare-support/6085.html
434,足利 ヨークタウン,2400,27,3,35,http://bornelund.co.jp/results/childcare-support/894.html
435,ボーネルンド ルーピング販売終了 理由,320,7,3,14,http://bornelund.co.jp/saitamashintoshin/blog/3867/
436,あ が りー な,8100,33,3,14,http://bornelund.co.jp/results/childcare-support/6041.html
437,ボーネルンド 伊丹空港,390,14,3,17,http://bornelund.co.jp/oosaka-kokusai-kukou/
438,有明ガーデン ガチャガチャ,720,18,3,16,http://bornelund.co.jp/ariake/
439,氷上 アクア,390,9,3,26,http://bornelund.co.jp/ec/detail.php?id=3820
440,ボーネルンド おもちゃ 0 歳,320,7,3,32,http://bornelund.co.jp/page/akachan-playtime
441,大阪国際女子 マラソン 交通規制,1000,13,3,16,http://bornelund.co.jp/oosakajou-park/blog/1770/
442,モーヴィ 若松,2400,17,3,15,http://bornelund.co.jp/results/boatkidspark-mooovi/6892.html
443,アイロンビーズアイロンかけ方,1300,9,3,17,http://bornelund.co.jp/sogo-yokohama/blog/3207/
444,天王寺 遊び場,2400,22,3,35,http://bornelund.co.jp/tennojipark/
445,りんくう南浜,1600,14,3,29,http://bornelund.co.jp/results/park/5878.html
446,遊具学校,390,6,3,14,http://bornelund.co.jp/elementary-school/schoolyard.html
447,デンパーク 水遊び,390,20,3,22,http://bornelund.co.jp/results/park/3595.html
448,さいたま新都心 遊び場,390,18,3,16,http://bornelund.co.jp/saitamashintoshin/
449,ウエルネス プラザ 取手,1000,17,2,18,http://bornelund.co.jp/results/childcare-support/2141.html
450,泉南公園,880,7,2,25,http://bornelund.co.jp/results/park/5878.html
451,芦屋 遊び場,320,6,2,17,http://bornelund.co.jp/results/boatkidspark-mooovi/6892.html
452,メンダコ 寿命,1300,20,2,27,http://bornelund.co.jp/contents/uploads/sites/43/2020/05/137f20ed1139fd8c90120f55db1f052b.pdf
453,川口 室内 遊び場,480,9,2,17,http://bornelund.co.jp/results/childcare-support/7193.html
454,どんぐり マラカス,480,21,2,12,http://bornelund.co.jp/oosakajou-park/events/3316/
455,ボーネルンドあそびのせかい ららぽーとtokyo bay店,480,9,2,16,http://bornelund.co.jp/tokyobay/blog/
456,氷上アクア,390,9,2,26,http://bornelund.co.jp/ec/detail.php?id=3820
457,アイロンビーズ 名前,390,14,2,17,http://bornelund.co.jp/lalaport-expocity/blog/1029/
458,あそび場,6600,23,2,45,http://bornelund.co.jp/results/boatkidspark-mooovi/8220.html
459,子どもランド,2400,20,2,35,http://bornelund.co.jp/results/childcare-support/2135.html
460,ジョーシン 相模原 小山 店 キッズ ランド,1000,19,2,20,http://bornelund.co.jp/results/childcare-support/2135.html
461,国東 通販,1300,30,2,33,http://bornelund.co.jp/shop/?shoparea=7
462,紙コップ ロケット 作り方,880,12,2,15,http://bornelund.co.jp/daikanyama/blog/1813/
463,江別蔦屋,2400,21,2,36,http://bornelund.co.jp/ebetsu-tsutaya/
464,アイロン ビーズ 作り方,2400,13,2,19,http://bornelund.co.jp/sogo-yokohama/blog/3207/
465,遊キッズ愛ランド,1300,27,2,31,http://bornelund.co.jp/results/childcare-support/2135.html
466,あそびのせかい,720,22,2,35,http://bornelund.co.jp/
467,ボーネルンド 木琴,480,15,2,35,http://bornelund.co.jp/terracemall-shonan/blog/2986/
468,芦屋遊び場,320,6,2,17,http://bornelund.co.jp/results/boatkidspark-mooovi/6892.html
469,玩具と おもちゃの違い,320,9,2,13,http://bornelund.co.jp/mind/tools.html
470,ボーネルンドプレイヴィル安満遺跡公園,6600,19,2,36,http://bornelund.co.jp/playground/playville
471,元気21,2400,18,2,15,http://bornelund.co.jp/results/childcare-support/902.html
472,アイロンビーズ野球,480,11,2,24,http://bornelund.co.jp/tsuruya/blog/2542/
473,ガレリア亀岡,6600,32,2,17,http://bornelund.co.jp/results/childcare-support/6729.html
474,キッズピア あしか が,5400,4,2,17,http://bornelund.co.jp/results/childcare-support/894.html
475,安満遺跡 公園,49500,45,2,26,http://bornelund.co.jp/amaiseki-park/
476,ふれあい 遊び 親子 で 楽しく スキン シップ,1000,20,2,12,http://bornelund.co.jp/asobi-no-mori/study/1689.html
477,大宮 そごう 閉店 いつ,1000,11,2,25,http://bornelund.co.jp/sogo-omiya/blog/1228/
478,アイロンビーズコースター,1300,11,2,24,http://bornelund.co.jp/gakuenminami/blog/971/
479,泉南りんくう,2400,19,2,33,http://bornelund.co.jp/results/park/5878.html
480,都城遊び場,1300,21,2,17,http://bornelund.co.jp/results/childcare-support/6054.html
481,新幹線アイロンビーズ,590,8,2,18,http://bornelund.co.jp/daimarutokyo/blog/2898/
482,outlet yokohama,1300,25,2,41,http://bornelund.co.jp/results/commercial-facilities/5699.html
483,にじいろ 奈良,390,9,2,24,http://bornelund.co.jp/results/childcare-support/8131.html
484,0歳児クリスマスプレゼント,1300,23,2,15,http://bornelund.co.jp/ginza-mitsukoshi/blog/1097/
485,遊び場 洛西,720,20,2,25,http://bornelund.co.jp/results/childcare-support/6085.html
486,大島九丁目すくすく公園,880,11,2,18,http://bornelund.co.jp/results/park/920.html
487,新宿 おもちゃ,590,23,2,38,http://bornelund.co.jp/isetan-shinjuku/
488,買うともらえる おまけ 最新,480,17,2,20,http://bornelund.co.jp/markis-minatomirai/blog/category/campaign/
489,赤い家のこどもクリニック,1000,9,2,23,http://bornelund.co.jp/results/medical-facilities/5700.html
490,アイロンビーズ コースター,1300,11,2,24,http://bornelund.co.jp/gakuenminami/blog/971/
491,キドキド料金,390,9,2,35,http://bornelund.co.jp/page/price-revision_2403
492,メンダコ寿命,1300,20,2,28,http://bornelund.co.jp/contents/uploads/sites/43/2020/05/137f20ed1139fd8c90120f55db1f052b.pdf
493,ウインボ とこ なめ 外向 発売所,720,11,2,12,http://bornelund.co.jp/results/boatkidspark-mooovi/6775.html
494,湘南 ティー サイト,2900,28,2,36,http://bornelund.co.jp/results/commercial-facilities/1021.html
495,アイロンビーズ 花 図案,590,26,2,28,http://bornelund.co.jp/kokura-izutsuya/blog/1147/
496,すずらんど,480,9,2,14,http://bornelund.co.jp/contents/uploads/sites/2/2025/06/f8b84543b8b4f3e1496ffabe4509fce4-1.pdf
497,吉祥寺 東急 閉店 いつ,480,9,2,24,http://bornelund.co.jp/tokyu-kichijoji/blog/11189/
498,武蔵 村山 遊び場,320,6,2,16,http://bornelund.co.jp/musashimurayama/
499,play peak itadaki プレイ ピーク イタダキ,1600,19,2,16,http://bornelund.co.jp/contents/uploads/sites/2/2019/05/7dd33734072f6f0f40b279e263e80f58.pdf
500,二本松 遊び場,480,12,2,16,http://bornelund.co.jp/results/childcare-support/908.html
501,軽井沢 キッズ パーク,590,18,2,15,http://bornelund.co.jp/contents/uploads/sites/2/2024/11/abfbd3ef4b9d3bbd72110f480021c844.pdf
502,テラスモール湘南 ガチャガチャ,590,16,2,19,http://bornelund.co.jp/terracemall-shonan/
503,アイロンビーズ 野球,480,12,2,24,http://bornelund.co.jp/tsuruya/blog/2542/
504,ミライエ 西脇,1000,25,2,17,http://bornelund.co.jp/results/childcare-support/5879.html
505,グルーン 蒲郡,1000,16,2,16,http://bornelund.co.jp/results/park/6755.html
506,尼崎 遊び場,720,19,2,24,http://bornelund.co.jp/results/boatkidspark-mooovi/7046.html
507,足利 こども 遊び場,390,8,2,17,http://bornelund.co.jp/results/childcare-support/894.html
508,大和駅 シリウス,320,18,2,35,http://bornelund.co.jp/results/childcare-support/2693.html
509,アクアプレイ マウンテンレイク,320,19,2,25,http://bornelund.co.jp/markis-minatomirai/blog/3705/
510,落ち葉 アート,3600,16,2,13,http://bornelund.co.jp/honten/blog/4524/
511,キドキド 赤池,480,13,2,18,http://bornelund.co.jp/contents/uploads/sites/2/2017/07/3dd12428c5359e10865e616315958a2d.pdf
512,ウェルネスプラザ 取手,1000,14,2,16,http://bornelund.co.jp/results/childcare-support/2141.html
513,武蔵村山 遊び場,320,6,2,16,http://bornelund.co.jp/musashimurayama/
514,ボーネルンド木琴,480,8,2,27,http://bornelund.co.jp/terracemall-shonan/blog/2986/
515,アイロンビーズ 温度,590,18,2,22,http://bornelund.co.jp/sogo-yokohama/blog/3207/
516,新居浜 遊び場,480,12,2,17,http://bornelund.co.jp/results/childcare-support/2130.html
517,伊丹 ボーネルンド,320,16,2,17,http://bornelund.co.jp/oosaka-kokusai-kukou/
518,スキンシップ意味,1000,21,2,32,http://bornelund.co.jp/asobi-no-mori/study/1689.html
519,名古屋 おもちゃ屋,480,9,2,27,http://bornelund.co.jp/takashimaya-gatetowermall/
520,ジャングルジム札幌店,1300,19,2,17,http://bornelund.co.jp/sapporo-odori/blog/5007/
521,湘南tサイト,4400,31,2,40,http://bornelund.co.jp/results/commercial-facilities/1021.html
522,アイロンビーズクリスマスツリー,320,10,2,22,http://bornelund.co.jp/daikanyama/blog/2887/
523,マグビルド 作品例,480,10,2,14,http://bornelund.co.jp/roppongi/blog/1669/
524,紙 コップ ロケット 作り方,880,12,2,15,http://bornelund.co.jp/daikanyama/blog/1813/
525,山梨 室内アスレチック,480,19,2,17,http://bornelund.co.jp/results/childcare-support/6004.html
526,足利 こども遊び場,390,8,2,17,http://bornelund.co.jp/results/childcare-support/894.html
527,玩具とおもちゃの違い,320,9,2,13,http://bornelund.co.jp/mind/tools.html
528,モーヴィ下関,3600,18,2,28,http://bornelund.co.jp/contents/uploads/sites/2/2020/11/7e471a5d0fe44a83e51585fd90ca8d8c.pdf
529,ウエルネスプラザ,720,19,2,16,http://bornelund.co.jp/results/childcare-support/2141.html
530,mooovi,1000,14,2,34,http://bornelund.co.jp/results/boatkidspark-mooovi/6892.html
531,おもちゃ屋 名古屋,480,20,2,20,http://bornelund.co.jp/takashimaya-gatetowermall/
532,泉南遊び場,320,9,2,31,http://bornelund.co.jp/results/park/5878.html
533,ふれあい遊び 親子で楽しく スキン シップ,1000,22,2,12,http://bornelund.co.jp/asobi-no-mori/study/1689.html
534,アイロン ビーズ やり方,1000,18,2,28,http://bornelund.co.jp/sogo-yokohama/blog/3207/
535,体温調節 新生児,720,15,2,34,http://bornelund.co.jp/honten/blog/290/
536,学校 遊具,390,8,2,15,http://bornelund.co.jp/elementary-school/schoolyard.html
537,レイクタウン アウトレット 閉店,390,14,2,23,http://bornelund.co.jp/page/laketown-ol_2110
538,アソボーノ 後楽園,1300,20,2,40,http://bornelund.co.jp/results/commercial-facilities/1023.html
539,ボーネルンド おままごと,480,26,2,18,http://bornelund.co.jp/
540,アイロンビーズ 台,480,12,2,25,http://bornelund.co.jp/sogo-yokohama/blog/3362/
541,アイロンビーズ 貯金箱,390,13,2,17,http://bornelund.co.jp/takashimaya-gatetowermall/blog/2576/
542,第二愛隣こども園,1000,10,2,13,http://bornelund.co.jp/results/infant-classroom/867.html
543,万博 遊び場,390,10,2,22,http://bornelund.co.jp/page/earthatplay_2025
544,戸田bb,1300,19,2,37,http://bornelund.co.jp/results/boatkidspark-mooovi/4500.html
545,新宿おもちゃ屋,720,12,2,21,http://bornelund.co.jp/isetan-shinjuku/
546,生まれた,880,10,2,22,http://bornelund.co.jp/asobi-no-mori/study/4411.html
547,アイロン ビーズ クリスマス ツリー,320,11,2,22,http://bornelund.co.jp/sogo-chiba/events/3411/
548,yonder general store,320,17,1,17,http://bornelund.co.jp/shop/?shoparea=7
549,二子玉川おもちゃ屋,320,17,1,16,http://bornelund.co.jp/futakotamagawa/
550,モビール鯉のぼり,320,22,1,17,http://bornelund.co.jp/sogo-yokohama/blog/4227/
551,山梨県 室内 遊び場,480,15,1,17,http://bornelund.co.jp/results/childcare-support/6004.html
552,こいのぼり意味,2400,27,1,28,http://bornelund.co.jp/honten/blog/221/
553,あそらぼ,1000,32,1,37,http://bornelund.co.jp/results/childcare-support/2135.html
554,小山遊び場,720,8,1,22,http://bornelund.co.jp/results/childcare-support/2135.html
555,軽井沢 あそびパーク,590,20,1,36,http://bornelund.co.jp/results/commercial-facilities/9762.html
556,川口室内遊び場,480,10,1,18,http://bornelund.co.jp/results/childcare-support/7193.html
557,西脇ミライエ,320,16,1,17,http://bornelund.co.jp/results/childcare-support/5879.html
558,丸亀遊び場,320,16,1,23,http://bornelund.co.jp/results/boatkidspark-mooovi/8247.html
559,りんくうロングパーク,320,19,1,33,http://bornelund.co.jp/results/park/5878.html
560,常滑 グルーン,480,11,1,18,http://bornelund.co.jp/results/park/6755.html
561,sennan long park,1600,27,1,14,http://bornelund.co.jp/results/park/5878.html
562,ビッグカーサ堺しらさぎ駅前,480,16,1,16,http://bornelund.co.jp/results/housing-complex/931.html
563,メンダコ大きさ,320,19,1,24,http://bornelund.co.jp/contents/uploads/sites/43/2020/05/137f20ed1139fd8c90120f55db1f052b.pdf
564,アイロンビーズペンギン,320,12,1,22,http://bornelund.co.jp/sogo-yokohama/blog/2987/
565,横浜ベイサイド,8100,29,1,44,http://bornelund.co.jp/results/commercial-facilities/5699.html
566,キドキドよみうりランド店,6600,25,1,36,http://bornelund.co.jp/shop
567,k'bix元気21まえばし,390,15,1,18,http://bornelund.co.jp/results/childcare-support/902.html
568,六本木遊び場,480,15,1,18,http://bornelund.co.jp/roppongi/
569,淀 競馬場 公園,480,10,1,35,http://bornelund.co.jp/results/kompan/9033.html
570,デンパーク水遊び,390,20,1,22,http://bornelund.co.jp/results/park/3595.html
571,アイロンビーズ土台,320,14,1,25,http://bornelund.co.jp/sogo-yokohama/blog/3362/
572,鏡遊び,260,14,1,10,http://bornelund.co.jp/tokyu-kichijoji/blog/5619/
573,シミュラクラ,1600,28,1,25,http://bornelund.co.jp/tokyu-kichijoji/blog/5713/
574,キドキド赤池,480,15,1,29,http://bornelund.co.jp/contents/uploads/sites/2/2017/07/3dd12428c5359e10865e616315958a2d.pdf
575,こどもと言葉,320,19,1,15,http://bornelund.co.jp/asobi-no-mori/study/2537.html
576,阪急 リモ オーダー,320,17,1,16,http://bornelund.co.jp/hakata-hankyu/blog/3845/
577,トヨタ 金町,320,15,1,19,http://bornelund.co.jp/results/cardealership/5965.html
578,アイロン ビーズ 土台,320,18,1,25,http://bornelund.co.jp/sogo-yokohama/blog/3362/
579,子ども医療センター,9900,46,1,34,http://bornelund.co.jp/results/medical-facilities/1004.html
580,ひみっこパーク,1600,8,1,25,http://bornelund.co.jp/contents/uploads/sites/2/2019/04/af2b6fc8cd5ec661e59f26fc370ca646.pdf
581,アイロンビーズ やり方,1000,17,1,18,http://bornelund.co.jp/sogo-yokohama/blog/3207/
582,二本松遊び場,480,10,1,16,http://bornelund.co.jp/results/childcare-support/908.html
583,三原 市 立久井 中学校,320,16,1,17,http://bornelund.co.jp/results/primary-school/873.html
584,音当て クイズ,480,30,1,13,http://bornelund.co.jp/tokyu-kichijoji/blog/5836/
585,アイロン ビーズ 野球,480,12,1,24,http://bornelund.co.jp/tsuruya/blog/2542/
586,アイロンビーズとは,320,14,1,24,http://bornelund.co.jp/sogo-yokohama/blog/3207/
587,ふれあい遊び 親子で楽しくスキンシップ,1000,22,1,12,http://bornelund.co.jp/asobi-no-mori/study/1689.html
588,キドキド名古屋,590,17,1,26,http://bornelund.co.jp/
589,おもちゃ 新宿,590,14,1,37,http://bornelund.co.jp/isetan-shinjuku/
590,おもちゃ 屋 名古屋,480,21,1,24,http://bornelund.co.jp/takashimaya-gatetowermall/
591,高島屋泉北店 閉店,320,11,1,25,http://bornelund.co.jp/senboku-takashimaya/blog/2416/
592,鏡 遊び,260,16,1,9,http://bornelund.co.jp/tokyu-kichijoji/blog/5619/
593,唐津競艇場,2900,29,1,37,http://bornelund.co.jp/results/boatkidspark-mooovi/7001.html
594,天王寺遊び場,2400,29,1,23,http://bornelund.co.jp/tennojipark/
595,友愛パーク朝日,1600,8,1,16,http://bornelund.co.jp/results/park/924.html
596,bruce 2nd,320,22,1,23,http://bornelund.co.jp/shop/?shoparea=2
597,安満遺跡公園ボーネルンド,590,20,1,36,http://bornelund.co.jp/amaiseki-park/blog/33/
598,ボーネルンド伊丹空港,390,16,1,17,http://bornelund.co.jp/oosaka-kokusai-kukou/
599,万博公園 遊具,320,19,1,25,http://bornelund.co.jp/page/earthatplay_2025
600,たまプラーザ遊び場,320,19,1,32,http://bornelund.co.jp/tamaplaza-terrace/
601,国東通販,1300,33,1,33,http://bornelund.co.jp/shop/?shoparea=7
602,ウエルネス取手,480,17,1,18,http://bornelund.co.jp/results/childcare-support/2141.html
603,都城 遊び場,1300,21,1,17,http://bornelund.co.jp/results/childcare-support/6054.html
604,足利 遊び場,590,11,1,18,http://bornelund.co.jp/results/childcare-support/894.html
605,メンダコ と は,480,20,1,21,http://bornelund.co.jp/contents/uploads/sites/43/2020/05/137f20ed1139fd8c90120f55db1f052b.pdf
606,レイク タウン アウトレット 閉店,390,13,1,23,http://bornelund.co.jp/page/laketown-ol_2110
607,パルクール公園,390,11,1,18,http://bornelund.co.jp/page/parkour_2012
608,言葉 子ども,320,16,1,22,http://bornelund.co.jp/asobi-no-mori/study/2537.html
609,わくわくパーク,2900,23,1,20,http://bornelund.co.jp/results/kompan/9048.html
610,アイロンビーズやり方,1000,16,1,18,http://bornelund.co.jp/sogo-yokohama/blog/3207/
611,あそび っ ぐ チケット,390,15,1,34,http://bornelund.co.jp/results/boatkidspark-mooovi/8220.html
612,がそっと,1000,18,1,34,http://bornelund.co.jp/asobi-no-mori/study/1682.html
613,吉祥寺 東急 閉店,590,10,1,24,http://bornelund.co.jp/tokyu-kichijoji/blog/11189/
614,甲子高原 こども 運動広場,320,20,1,13,http://bornelund.co.jp/results/childcare-support/916.html
615,安城 室内 遊び場,320,21,1,15,http://bornelund.co.jp/results/park/3595.html
616,グリーンプレイス吹田,2900,32,1,31,http://bornelund.co.jp/results/commercial-facilities/2146.html
617,a b cパレード,1300,23,1,20,http://bornelund.co.jp/
618,7丁目 公園,320,27,1,16,http://bornelund.co.jp/results/park/920.html
619,ロングパーク,3600,38,1,36,http://bornelund.co.jp/results/park/5878.html
620,アソブーン asoboon レビュー,390,10,1,18,http://bornelund.co.jp/results/childcare-support/7193.html
621,ボーネルンド出産祝い,320,10,1,17,http://bornelund.co.jp/
622,二子玉川 おもちゃ屋,320,17,1,16,http://bornelund.co.jp/futakotamagawa/
623,くわまるプラザプレイルーム,1600,30,1,14,http://bornelund.co.jp/results/childcare-support/6054.html
624,アイロン ビーズ アイロン 温度,480,21,1,14,http://bornelund.co.jp/sogo-yokohama/blog/3207/
625,にじいろ 予約,320,14,1,18,http://bornelund.co.jp/results/childcare-support/8131.html
626,鶴屋屋上,260,16,1,34,http://bornelund.co.jp/results/commercial-facilities/1019.html
627,亀岡 遊び場,720,30,1,31,http://bornelund.co.jp/results/childcare-support/6729.html
628,阪急 年末 年始,590,15,1,18,http://bornelund.co.jp/hakata-hankyu/blog/4087/
629,パルクール 公園,390,11,1,24,http://bornelund.co.jp/page/parkour_2012
630,アイロンビーズ名前,390,14,1,17,http://bornelund.co.jp/lalaport-expocity/blog/1029/
631,おさかなシロフォン,390,11,1,19,http://bornelund.co.jp/tsuruya/blog/1430/
632,おもちゃと は,390,12,1,18,http://bornelund.co.jp/mind/tools.html
633,川崎 おもちゃ屋,320,16,1,19,http://bornelund.co.jp/kawasaki/
634,メンダコ 大きさ,320,18,1,24,http://bornelund.co.jp/contents/uploads/sites/43/2020/05/137f20ed1139fd8c90120f55db1f052b.pdf
635,ボーネルンドマグネット,320,10,1,42,http://bornelund.co.jp/honten/blog/638/
636,たまプラーザ 遊び場,320,18,1,24,http://bornelund.co.jp/tamaplaza-terrace/
637,ボーネルンド伊丹,1600,24,1,27,http://bornelund.co.jp/oosaka-kokusai-kukou/
638,モービー,1000,21,1,35,http://bornelund.co.jp/results/boatkidspark-mooovi/6892.html
639,ジョーシン 相模原小山店 キッズランド,1000,19,1,20,http://bornelund.co.jp/results/childcare-support/2135.html
640,取手ウエルネス,480,23,1,18,http://bornelund.co.jp/results/childcare-support/2141.html
641,横浜 おもちゃ 屋,480,13,1,16,http://bornelund.co.jp/sogo-yokohama/
642,湘南 蔦屋,320,21,1,43,http://bornelund.co.jp/results/commercial-facilities/1021.html
643,ららぽーとエキスポシティ 遊び場,320,27,1,18,http://bornelund.co.jp/lalaport-expocity/
644,鶴屋 屋上,260,17,1,34,http://bornelund.co.jp/results/commercial-facilities/1019.html
645,阪急 リモオーダー,320,17,1,15,http://bornelund.co.jp/hakata-hankyu/blog/3845/
646,くにさき 通販,1300,29,1,22,http://bornelund.co.jp/shop/?shoparea=7
647,遊び道具,880,8,1,23,http://bornelund.co.jp/mind/tools.html
648,前橋元気プラザ,320,12,1,19,http://bornelund.co.jp/results/childcare-support/902.html
649,甲子 高原 こども 運動 広場,320,19,1,13,http://bornelund.co.jp/results/childcare-support/916.html
650,あそびっぐチケット,390,15,1,34,http://bornelund.co.jp/results/boatkidspark-mooovi/8220.html
651,鯉のぼりの意味,2900,23,1,29,http://bornelund.co.jp/honten/blog/221/
652,おもちゃ 屋 新宿,720,9,1,20,http://bornelund.co.jp/isetan-shinjuku/
653,甲府 遊び場,320,11,1,25,http://bornelund.co.jp/results/childcare-support/6004.html
654,コクーン年末年始,320,16,1,43,http://bornelund.co.jp/saitamashintoshin/blog/3828/
655,あそび創造広場,320,16,1,14,http://bornelund.co.jp/results/park/6821.html
656,パルクール教室,3600,29,1,19,http://bornelund.co.jp/page/parkour_2012
657,安満遺跡公園 駐 車場,1600,28,1,16,http://bornelund.co.jp/amaiseki-park/blog/33/
658,世界のあそび,480,18,1,37,http://bornelund.co.jp/tools
659,戸田 遊び場,320,15,1,24,http://bornelund.co.jp/results/boatkidspark-mooovi/4500.html
660,トヨタ金町,320,18,1,27,http://bornelund.co.jp/results/cardealership/5965.html
661,湘南ティーサイト,2900,28,1,40,http://bornelund.co.jp/results/commercial-facilities/1021.html
662,紙コップロケットの作り方,880,8,1,14,http://bornelund.co.jp/daikanyama/blog/1813/
663,さいたま新都心遊び場,390,18,1,16,http://bornelund.co.jp/saitamashintoshin/
664,おもちゃ屋 川崎,320,11,1,20,http://bornelund.co.jp/kawasaki/
665,湘南蔦屋,320,19,1,43,http://bornelund.co.jp/results/commercial-facilities/1021.html
666,多屋公園,590,17,1,16,http://bornelund.co.jp/results/park/6755.html
667,アイロンビーズ花図案,590,25,1,26,http://bornelund.co.jp/kokura-izutsuya/blog/1147/
668,買うともらえる おまけ最新,480,28,1,18,http://bornelund.co.jp/markis-minatomirai/blog/category/campaign/
669,奈良市にじいろ,480,15,1,34,http://bornelund.co.jp/results/childcare-support/8131.html
670,アイロンビーズ 飾り方,480,30,1,20,http://bornelund.co.jp/sogo-yokohama/blog/3362/
671,アイロン ビーズ 英語,480,15,1,24,http://bornelund.co.jp/sogo-yokohama/blog/6088/
672,川口いいなパーク,390,20,1,14,http://bornelund.co.jp/results/childcare-support/7193.html
673,レイクタウンアウトレット閉店,390,13,1,23,http://bornelund.co.jp/page/laketown-ol_2110
674,アイロンビーズ貯金箱,390,14,1,19,http://bornelund.co.jp/takashimaya-gatetowermall/blog/2576/
675,おもちゃとは,390,11,1,10,http://bornelund.co.jp/mind/tools.html
676,toddys,390,24,1,30,http://bornelund.co.jp/contents/uploads/sites/2/2020/10/c00b523f89003a2926bf23ee581b0086.pdf
677,ポッカール,320,25,1,14,http://bornelund.co.jp/page/parkour_2012
678,ファニーフェイスとは,1900,25,1,22,http://bornelund.co.jp/contents/uploads/sites/2/2020/12/12cbd2167ef1078f05ec5628035f6763.pdf
679,アスモ加西,390,18,1,14,http://bornelund.co.jp/results/childcare-support/7307.html
680,ウェルネス取手,480,10,1,17,http://bornelund.co.jp/results/childcare-support/2141.html
681,マリンピア神戸遊び場,480,18,1,18,http://bornelund.co.jp/contents/uploads/sites/2/2024/10/ceb412ad29f9eddd49756a1bf4821519.pdf
682,ボーネルンド粘土,320,14,1,18,http://bornelund.co.jp/kawasaki/blog/873/
683,二子 玉川 おもちゃ屋,320,17,1,16,http://bornelund.co.jp/futakotamagawa/
684,お家砂場,320,20,1,26,http://bornelund.co.jp/asobi-no-mori/study/1600.html
685,遊 キッズ 愛 ランド,1300,24,1,23,http://bornelund.co.jp/results/childcare-support/2135.html
686,積み木 ボーネルンド,320,11,1,25,http://bornelund.co.jp/
687,三原市 立久井 中学校,320,14,1,17,http://bornelund.co.jp/results/primary-school/873.html
688,ボードゲーム 2歳,320,18,1,23,http://bornelund.co.jp/lalaport-expocity/blog/4764/
689,アイロンビーズ英語,480,15,1,24,http://bornelund.co.jp/sogo-yokohama/blog/6088/
690,モービィ,390,15,1,34,http://bornelund.co.jp/results/boatkidspark-mooovi/7001.html
691,孫と遊ぶ,320,10,1,16,http://bornelund.co.jp/asobi-no-mori/study/1663.html
692,札幌 おもちゃ屋 大きい,320,21,1,35,http://bornelund.co.jp/daimaru-sapporo/
693,キドキドよみうりランド,3600,29,1,39,http://bornelund.co.jp/
694,競艇場常滑,2900,20,1,37,http://bornelund.co.jp/results/boatkidspark-mooovi/6775.html
695,大和市屋内こども広場,1900,8,1,15,http://bornelund.co.jp/results/childcare-support/2693.html
696,川口 遊び場,1000,11,1,22,http://bornelund.co.jp/results/childcare-support/7193.html
697,こいのぼりの意味,2900,23,1,29,http://bornelund.co.jp/honten/blog/221/
698,山梨 室内 アスレチック,480,19,1,17,http://bornelund.co.jp/results/childcare-support/6004.html
699,吉祥寺 キッズスペース,320,28,1,15,http://bornelund.co.jp/results/commercial-facilities/10143.html
700,阪急リモオーダー,260,17,1,16,http://bornelund.co.jp/hakata-hankyu/blog/3845/
701,あそびっぐ チケット,320,11,1,26,http://bornelund.co.jp/results/boatkidspark-mooovi/8220.html
702,アイロンビーズ ペンギン,320,13,1,25,http://bornelund.co.jp/sogo-yokohama/blog/2987/
703,遊び世界,6600,25,1,14,http://bornelund.co.jp/tools
704,網走公園,480,23,1,15,http://bornelund.co.jp/results/childcare-support/2727.html
705,安満遺跡公園 西 駐 車場,880,20,1,16,http://bornelund.co.jp/amaiseki-park/blog/33/
706,丸亀 遊び場,320,16,1,23,http://bornelund.co.jp/results/boatkidspark-mooovi/8247.html
707,アイロンビーズ クリスマスツリー,320,21,1,24,http://bornelund.co.jp/iwataya/blog/2063/
708,キディランドエキスポシティ,390,55,0,28,http://bornelund.co.jp/lalaport-expocity/
709,パズル ボーネルンド,480,40,0,15,http://bornelund.co.jp/
710,tsutaya 函館,480,31,0,43,http://bornelund.co.jp/results/commercial-facilities/1014.html
711,競艇愛知,390,34,0,34,http://bornelund.co.jp/results/boatkidspark-mooovi/6775.html
712,マグ フォー マー マグビルド,320,41,0,25,http://bornelund.co.jp/honten/blog/638/
713,プレイヴィル 安満遺跡公園,320,51,0,36,http://bornelund.co.jp/amaiseki-park/
714,今治こども公園おひさまパーク,2900,61,0,16,http://bornelund.co.jp/results/commercial-facilities/8799.html
715,リポビタンキッズ,1000,71,0,33,http://bornelund.co.jp/playground
716,びっくりドンキークーポン line,1600,36,0,21,http://bornelund.co.jp/page/line-info
717,こどもーる大和,880,27,0,21,http://bornelund.co.jp/results/childcare-support/2693.html
718,おもちゃのメルヘン みどり店,880,45,0,29,http://bornelund.co.jp/takashimaya-gatetowermall/
719,スティックオー,880,38,0,19,http://bornelund.co.jp/grandfront-osaka/blog/2804/
720,エルム 公園,590,51,0,16,http://bornelund.co.jp/results/commercial-facilities/1027.html
721,マークイズ遊び場,590,31,0,16,http://bornelund.co.jp/markis-minatomirai/
722,わかわくらんど,480,66,0,13,http://bornelund.co.jp/results/boatkidspark-mooovi/7001.html
723,軽井沢アウトレット遊び場,480,53,0,18,http://bornelund.co.jp/contents/uploads/sites/2/2024/11/abfbd3ef4b9d3bbd72110f480021c844.pdf
724,西宮ガーデンズ遊び場,390,49,0,33,http://bornelund.co.jp/nishinomiya-hankyu/
725,なかば る 公園,480,62,0,12,http://bornelund.co.jp/results/park/920.html
726,流山おおたかの森　遊び場,390,29,0,16,http://bornelund.co.jp/nagareyamaootakanomori/
727,京都競馬場 緑の広場,390,23,0,17,http://bornelund.co.jp/results/kompan/9033.html
728,遊具メーカー,320,45,0,50,http://bornelund.co.jp/catalog-kids.html
729,マーブル川越,320,41,0,25,http://bornelund.co.jp/shop/?shoparea=2
730,ベテルギウス 大和,320,34,0,16,http://bornelund.co.jp/results/childcare-support/2693.html
731,ベビーザらスみなとみらい,320,56,0,17,http://bornelund.co.jp/markis-minatomirai/
732,アワーズ鴨川,320,29,0,9,http://bornelund.co.jp/results/infant-classroom/2082.html
733,ペットボトルボウリング,1900,35,0,14,http://bornelund.co.jp/iwataya/blog/1601/
734,キャラ ポート さいたま新都心店,1900,59,0,28,http://bornelund.co.jp/saitamashintoshin/
735,ぴょんぴょんドーム,1600,97,0,15,http://bornelund.co.jp/page/public-playground_list
736,ふれあいの森スカイ広場,1300,56,0,16,http://bornelund.co.jp/results/childcare-support/2693.html
737,有明ガーデンキッズスペース,480,43,0,25,http://bornelund.co.jp/ariake/
738,生後3ヶ月体温,320,35,0,19,http://bornelund.co.jp/honten/blog/290/
739,地球儀 ボール,480,28,0,24,http://bornelund.co.jp/abenoharukasu/blog/2106/
740,アイロンビーズ簡単,2400,30,0,23,http://bornelund.co.jp/sogo-yokohama/blog/3207/
741,せ の ぶら 本舗,1000,42,0,45,http://bornelund.co.jp/shop/?shoparea=5
742,おもちゃ の メルヘン みどり店,880,50,0,29,http://bornelund.co.jp/takashimaya-gatetowermall/
743,ライコランド 工賃表,480,43,0,15,http://bornelund.co.jp/catalog/pricelist/m/
744,キッズスペース梓国際学院,480,33,0,11,http://bornelund.co.jp/results/nursery-school/8521.html
745,ちびっこ広場森っ子,480,30,0,16,http://bornelund.co.jp/contents/uploads/sites/2/2023/11/427a5f630b7dbcab24389819d848bb48.pdf
746,zoff 松本アイシティ21店,480,51,0,16,http://bornelund.co.jp/inoue-eyecity21/
747,有明ガーデン こども,390,44,0,27,http://bornelund.co.jp/ariake/
748,朝気ふれあい公園,390,34,0,17,http://bornelund.co.jp/results/childcare-support/6004.html
749,京都競馬場緑の広場,390,25,0,19,http://bornelund.co.jp/results/kompan/9033.html
750,大阪 ボウリングショップ,320,72,0,19,http://bornelund.co.jp/shop/?shoparea=5
751,ロットワイラー 価格,320,49,0,20,http://bornelund.co.jp/catalog/pricelist/m/
752,ボーネルンド 粘土,320,36,0,27,http://bornelund.co.jp/saitamashintoshin/blog/3875/
753,ゲームパニック堺 閉店,320,50,0,17,http://bornelund.co.jp/page/sakai-takashimaya_2008
754,足利ヨークタウン,2400,30,0,35,http://bornelund.co.jp/results/childcare-support/894.html
755,星の子ひろば,2400,50,0,17,http://bornelund.co.jp/results/childcare-support/2693.html
756,東京レジャーランド池袋,1600,63,0,17,http://bornelund.co.jp/ikebukuro-tobu/
757,こどもとは,1000,35,0,24,http://bornelund.co.jp/asobi-no-mori/study/7957.html
758,蓮華寺スマイルホール,880,52,0,16,http://bornelund.co.jp/results/commercial-facilities/9436.html
759,生後1ヶ月の視力,1000,37,0,17,http://bornelund.co.jp/asobi-no-mori/growth-of-baby/2020.html
760,甲府市森林浴広場,880,29,0,17,http://bornelund.co.jp/results/childcare-support/6004.html
761,板橋駅東口広場,1000,49,0,19,http://bornelund.co.jp/results/kompan/9048.html
762,福岡 おもちゃ 屋,390,28,0,19,http://bornelund.co.jp/iwataya/
763,新生児遊び,390,59,0,23,http://bornelund.co.jp/asobi-no-mori/toys-calendar/6908.html
764,プレーパークいただき,320,38,0,23,http://bornelund.co.jp/contents/uploads/sites/2/2019/05/7dd33734072f6f0f40b279e263e80f58.pdf
765,ベビー用品 みなとみらい,320,33,0,17,http://bornelund.co.jp/markis-minatomirai/
766,もみの木保育園太子堂,880,30,0,15,http://bornelund.co.jp/results/nursery-school/853.html
767,県立こども医療センター,1000,32,0,25,http://bornelund.co.jp/results/medical-facilities/1004.html
768,森ノ宮公園,880,61,0,26,http://bornelund.co.jp/oosakajou-park/
769,鯉のぼり 意味,2400,33,0,22,http://bornelund.co.jp/honten/blog/221/
770,南 こども 広場,880,54,0,14,http://bornelund.co.jp/results/childcare-support/2130.html
771,インクルーシブ遊具広場,590,99,0,17,http://bornelund.co.jp/page/inclusive-playground_2011
772,ステラちゃん,480,79,0,21,http://bornelund.co.jp/keio-shinjuku/blog/1654/
773,アソビリティーパーク,480,80,0,21,http://bornelund.co.jp/results/boatkidspark-mooovi/8220.html
774,アクアゲーム,480,65,0,31,http://bornelund.co.jp/ec/detail.php?id=3820
775,尾崎ファミリー公園,390,62,0,14,http://bornelund.co.jp/results/kompan/9033.html
776,アイシティ21 店舗 一覧,390,39,0,18,http://bornelund.co.jp/inoue-eyecity21/
777,遊動円木とは,320,88,0,24,http://bornelund.co.jp/elementary-school
778,浦安きらきら保育園,320,30,0,12,http://bornelund.co.jp/results/nursery-school/3836.html
779,布絵本 洗い方,320,42,0,19,http://bornelund.co.jp/tokyu-kichijoji/blog/8895/
780,小山市東野田,320,28,0,20,http://bornelund.co.jp/results/childcare-support/2135.html
781,子どもと言葉,320,21,0,24,http://bornelund.co.jp/asobi-no-mori/study/2537.html
782,ボウリング ショップ 大阪,320,72,0,22,http://bornelund.co.jp/shop/?shoparea=5
783,アンビトーイ,320,41,0,24,http://bornelund.co.jp/iwataya/blog/1892/
784,あそびっく 東大和,2900,4,0,19,http://bornelund.co.jp/results/boatkidspark-mooovi/8220.html
785,れんげじスマイルホール,1900,49,0,16,http://bornelund.co.jp/results/commercial-facilities/9436.html
786,舟渡ホール,1300,53,0,19,http://bornelund.co.jp/results/kompan/9048.html
787,ミライエ西脇,1000,22,0,17,http://bornelund.co.jp/results/childcare-support/5879.html
788,スキン シップ 意味,1000,23,0,32,http://bornelund.co.jp/asobi-no-mori/study/1689.html
789,せのぶら 本舗 商品 一覧,1300,33,0,46,http://bornelund.co.jp/shop/?shoparea=5
790,春日井 グリングリン,1000,33,0,17,http://bornelund.co.jp/contents/uploads/sites/2/2022/01/c9308822149cce65d794771d66ed20eb.pdf
791,新生児 目 の 動き,480,55,0,10,http://bornelund.co.jp/asobi-no-mori/growth-of-baby/2020.html
792,ボーネルンドパズル,480,33,0,16,http://bornelund.co.jp/
793,泉南ロングパーク アスレチック,320,26,0,34,http://bornelund.co.jp/results/park/5878.html
794,体温 新生児,8100,31,0,18,http://bornelund.co.jp/honten/blog/290/
795,カラオケオアシス 森ノ宮店,1600,51,0,19,http://bornelund.co.jp/results/resort-sport/1050.html
796,キンダープラッツ,1300,69,0,25,http://bornelund.co.jp/results/commercial-facilities/9436.html
797,おしゃぶり新生児いつから,1300,81,0,17,http://bornelund.co.jp/senboku-takashimaya/blog/2266/
798,元気ひろば,720,35,0,11,http://bornelund.co.jp/results/childcare-support/902.html
799,海外 おもちゃ,590,36,0,12,http://bornelund.co.jp/company/partner.html
800,スマイルホール,590,35,0,17,http://bornelund.co.jp/results/kompan/9048.html
801,名古屋 おもちゃ 屋,480,38,0,20,http://bornelund.co.jp/matsuzakaya-nagoya/
802,サラダボウル アメリカ,480,36,0,25,http://bornelund.co.jp/asobi-no-mori/children-in-the-world-vol48/
803,公園遊具一覧,390,46,0,14,http://bornelund.co.jp/catalog-kids.html
804,ボーネルンド 三輪車,390,22,0,15,http://bornelund.co.jp/hakata-hankyu/blog/2617/
805,エスコン 遊び場,390,47,0,21,http://bornelund.co.jp/results/boatkidspark-mooovi/8042.html
806,おもちゃ と は,390,11,0,10,http://bornelund.co.jp/mind/tools.html
807,遊びリパークリノア茅ヶ崎,320,33,0,10,http://bornelund.co.jp/results/dayservice/7260.html
808,ゲーム パニック 堺 閉店,320,50,0,17,http://bornelund.co.jp/page/sakai-takashimaya_2008
809,グリーン プレイス 吹田,2900,33,0,30,http://bornelund.co.jp/results/commercial-facilities/2146.html
810,博多阪急 営業時間,1900,24,0,41,http://bornelund.co.jp/hakata-hankyu/blog/4074/
811,こどもひろばどれみフォレオ博多店,1600,89,0,12,http://bornelund.co.jp/page/hakata-riverainmall_2101
812,ボーリング天王寺,1000,47,0,20,http://bornelund.co.jp/tennojipark/
813,子育て交流施設 あそびあむ,1300,61,0,16,http://bornelund.co.jp/results/childcare-support/3583.html
814,うさぎランド,1000,84,0,13,http://bornelund.co.jp/results/commercial-facilities/9436.html
815,わくわく池の冒険ひろば,1300,30,0,18,http://bornelund.co.jp/results/park/6821.html
816,こいのぼり 由来,1300,39,0,21,http://bornelund.co.jp/honten/blog/221/
817,花博鶴見緑地,1000,97,0,36,http://bornelund.co.jp/
818,東野田公園,880,78,0,18,http://bornelund.co.jp/tennojipark/
819,ボーネルンド アクティビティ ケース,480,37,0,17,http://bornelund.co.jp/aeonmall-hiroshimafuchu/blog/5787/
820,天王田公園,320,73,0,18,http://bornelund.co.jp/tennojipark/
821,万博 公園 遊具,320,23,0,26,http://bornelund.co.jp/contents/uploads/sites/2/2025/04/bac773c134b08f765ac5c5f96f6610d1.pdf
822,のびのび ランド,320,31,0,14,http://bornelund.co.jp/results/childcare-support/2135.html
823,プレイ ヴィル 安満遺跡公園,320,44,0,36,http://bornelund.co.jp/amaiseki-park/blog/
824,ペップキッチン,320,22,0,22,http://bornelund.co.jp/results/childcare-support/904.html
825,モーヴィ丸亀,1000,61,0,27,http://bornelund.co.jp/contents/uploads/sites/2/2023/04/f189dd2c0246bb81e3bc72e3b30ed8e4.pdf
826,城北 中央 公園 こども 広場,1300,65,0,16,http://bornelund.co.jp/results/kompan/9048.html
827,りりあ 恵庭,1600,41,0,20,http://bornelund.co.jp/contents/uploads/sites/2/2023/04/f8cdf2602a44a107a007602765fc2a3e.pdf
828,札幌 おもちゃ 屋,880,27,0,18,http://bornelund.co.jp/daimaru-sapporo/
829,川口 サービスエリア,1300,28,0,33,http://bornelund.co.jp/results/childcare-support/7193.html
830,おもちゃ箱福岡,720,35,0,28,http://bornelund.co.jp/iwataya/
831,遊具 名前,590,33,0,14,http://bornelund.co.jp/catalog-kids.html
832,軽井沢 アウトレット 遊び場,480,37,0,28,http://bornelund.co.jp/results/commercial-facilities/9762.html
833,軽井沢 アウトレット遊び場,480,53,0,18,http://bornelund.co.jp/contents/uploads/sites/2/2024/11/abfbd3ef4b9d3bbd72110f480021c844.pdf
834,アイロンビーズ飾り方,480,29,0,20,http://bornelund.co.jp/sogo-yokohama/blog/3362/
835,アンバル小野,480,32,0,9,http://bornelund.co.jp/results/childcare-support/2135.html
836,すずらん ど,480,10,0,16,http://bornelund.co.jp/contents/uploads/sites/2/2025/06/f8b84543b8b4f3e1496ffabe4509fce4-1.pdf
837,コニー 店舗 東京,390,48,0,21,http://bornelund.co.jp/honten/
838,クックドーム たま かわ,390,28,0,15,http://bornelund.co.jp/results/childcare-support/918.html
839,遊びリパーク リノア茅ヶ崎,320,33,0,10,http://bornelund.co.jp/results/dayservice/7260.html
840,おもちゃ 屋 熊本,390,30,0,20,http://bornelund.co.jp/tsuruya/
841,おもちゃ屋 福岡,390,41,0,20,http://bornelund.co.jp/iwataya/
842,ラブラドゥードル 価格,390,59,0,12,http://bornelund.co.jp/catalog/pricelist/m/
843,マーブル 川越,320,42,0,25,http://bornelund.co.jp/shop/?shoparea=2
844,モーヴィ浜名湖,1900,33,0,17,http://bornelund.co.jp/contents/uploads/sites/2/2019/12/e56e065deee61a349acd6432c561e1af.pdf
845,ブンドド,1900,52,0,24,http://bornelund.co.jp/
846,リラの家,1000,57,0,13,http://bornelund.co.jp/results/medical-facilities/1004.html
847,新生児遊び方,1300,81,0,23,http://bornelund.co.jp/asobi-no-mori/growth-of-baby/1761.html
848,リリア 恵庭,1600,62,0,14,http://bornelund.co.jp/contents/uploads/sites/2/2020/11/85965e278ce2a4925347eef6a2921206.pdf
849,あべのアンド,1000,37,0,44,http://bornelund.co.jp/abenoharukasu/
850,高槻 ボーネルンド,1000,28,0,36,http://bornelund.co.jp/amaiseki-park/blog/33/
851,蔦屋書店 湘南,480,23,0,42,http://bornelund.co.jp/results/commercial-facilities/1021.html
852,hama ビーズ,480,30,0,27,http://bornelund.co.jp/iwataya/blog/1797/
853,プレイヴィル安満遺跡公園,320,45,0,36,http://bornelund.co.jp/amaiseki-park/blog/
854,新生児　遊び方,1300,70,0,23,http://bornelund.co.jp/asobi-no-mori/growth-of-baby/1761.html
855,温室育ちとは,1900,39,0,24,http://bornelund.co.jp/asobi-no-mori/study/1682.html
856,アイロンビーズ おしゃれ キーホルダー,1300,38,0,25,http://bornelund.co.jp/lalaport-expocity/blog/1959/
857,ファミリーモール and life,880,58,0,16,http://bornelund.co.jp/environment
858,bring オンラインショップ,1600,39,0,31,http://bornelund.co.jp/shop/?shoparea=3
859,がんばり まめ の杜,720,59,0,9,http://bornelund.co.jp/environment
860,エルム公園,590,52,0,16,http://bornelund.co.jp/results/commercial-facilities/1027.html
861,なかばる公園,480,58,0,12,http://bornelund.co.jp/results/park/920.html
862,アンバル 小野,480,31,0,9,http://bornelund.co.jp/results/childcare-support/2135.html
863,武蔵小杉グランツリー 遊び場,390,30,0,16,http://bornelund.co.jp/grandtree-musashikosugi/
864,岡崎 アスレチック,390,35,0,15,http://bornelund.co.jp/results/park/6464.html
865,原 之 内 公園,390,39,0,15,http://bornelund.co.jp/results/childcare-support/2135.html
866,マメダコ,390,46,0,20,http://bornelund.co.jp/contents/uploads/sites/43/2020/05/137f20ed1139fd8c90120f55db1f052b.pdf
867,ラブラドゥードル価格,320,58,0,12,http://bornelund.co.jp/catalog/pricelist/m/
868,ボーネルンド車,320,36,0,15,http://bornelund.co.jp/
869,川越トゥエルブ,320,25,0,24,http://bornelund.co.jp/shop/?shoparea=2
870,遊具 種類,320,38,0,14,http://bornelund.co.jp/catalog-kids.html
871,キンダー プラッツ 前橋,320,48,0,19,http://bornelund.co.jp/results/childcare-support/902.html
872,小学生 遊び 外,2400,61,0,11,http://bornelund.co.jp/elementary-school
873,遊牧と放牧の違い,1300,54,0,14,http://bornelund.co.jp/asobi-no-mori/study/1682.html
874,ボーリング 天王寺,1000,62,0,19,http://bornelund.co.jp/tennojipark/
875,デンパーク ディノランド,1600,45,0,20,http://bornelund.co.jp/results/park/3595.html
876,ブリッジパーク,1300,43,0,16,http://bornelund.co.jp/results/park/5878.html
877,マリンピア神戸 遊び場,480,26,0,18,http://bornelund.co.jp/contents/uploads/sites/2/2024/10/ceb412ad29f9eddd49756a1bf4821519.pdf
878,ベビー用品 横浜,480,44,0,17,http://bornelund.co.jp/sogo-yokohama/
879,お得キャンペーン,480,27,0,40,http://bornelund.co.jp/daikanyama/blog/category/campaign/
880,大島 四丁目公園,390,34,0,17,http://bornelund.co.jp/results/park/920.html
881,パペット とは,320,36,0,16,http://bornelund.co.jp/asobi-no-mori/toys-calendar/4760.html
882,ブンドドとは,1600,88,0,43,http://bornelund.co.jp/company
883,春日井 ぐりんぐりん,1000,35,0,15,http://bornelund.co.jp/contents/uploads/sites/2/2022/01/c9308822149cce65d794771d66ed20eb.pdf
884,寒天粘土,880,30,0,15,http://bornelund.co.jp/kawasaki/blog/331/
885,言葉遊びとは,1000,53,0,12,http://bornelund.co.jp/asobi-no-mori/study/2537.html
886,冒険松原あそび場,1300,50,0,13,http://bornelund.co.jp/results/childcare-support/6729.html
887,文化堂キャンペーン,590,32,0,35,http://bornelund.co.jp/markis-minatomirai/blog/category/campaign/
888,修景広場,480,41,0,14,http://bornelund.co.jp/playground/playville
889,アクア ゲーム,480,63,0,31,http://bornelund.co.jp/ec/detail.php?id=3820
890,宮津 公園,390,28,0,17,http://bornelund.co.jp/results/childcare-support/3583.html
891,パズル魚,390,32,0,20,http://bornelund.co.jp/terracemall-shonan/blog/2046/
892,コクーンシティ 遊び場,390,35,0,16,http://bornelund.co.jp/saitamashintoshin/
893,あそラボ,390,65,0,34,http://bornelund.co.jp/results/commercial-facilities/1023.html
894,こども サークル 湯本,390,50,0,10,http://bornelund.co.jp/results/childcare-support/898.html
895,北海道 セレクト ショップ,320,54,0,27,http://bornelund.co.jp/shop/?shoparea=1
896,プルミエエトワール,320,69,0,15,http://bornelund.co.jp/takashimaya-gatetowermall/blog/4509/
897,パルクール　東京,320,25,0,27,http://bornelund.co.jp/page/parkour_2012
898,コクーン 10 オフ,320,53,0,28,http://bornelund.co.jp/saitamashintoshin/blog/5820/
899,キッズスペース 吉祥寺,320,65,0,16,http://bornelund.co.jp/tokyu-kichijoji/blog/9983/
900,東京レジャーランド 池袋店,6600,58,0,17,http://bornelund.co.jp/ikebukuro-tobu/
901,トランポリンパーク と らん ぽん 川崎店 trampon park,1900,48,0,26,http://bornelund.co.jp/kawasaki/
902,リトルレモネードデイズ 京都,1600,41,0,26,http://bornelund.co.jp/kyoto-takashimaya/
903,のーべるばーる,1000,70,0,28,http://bornelund.co.jp/
904,デンパーク ディノ ランド,1600,42,0,17,http://bornelund.co.jp/results/park/3595.html
905,星山麻木,1000,16,0,32,http://bornelund.co.jp/asobi-no-mori/study/1763.html
906,パーゴラ 広場,1300,41,0,20,http://bornelund.co.jp/results/childcare-support/6085.html
907,七里ふたばこども園,1000,23,0,17,http://bornelund.co.jp/results/infant-classroom/2786.html
908,志和池中央ふれあい広場,880,44,0,17,http://bornelund.co.jp/results/childcare-support/6054.html
909,みなとみらいポイント,1000,37,0,37,http://bornelund.co.jp/markis-minatomirai/blog/4526/
910,吹田 アウトレット,480,24,0,23,http://bornelund.co.jp/lalaport-expocity/
911,アイロン ビーズ 飾り 方,480,31,0,20,http://bornelund.co.jp/sogo-yokohama/blog/3362/
912,東新町 公園,390,27,0,14,http://bornelund.co.jp/results/park/6464.html
913,こどもサークル湯本,390,53,0,10,http://bornelund.co.jp/results/childcare-support/898.html
914,鹿児島おもちゃ屋,320,28,0,14,http://bornelund.co.jp/yamagataya/
915,川口 イイナパーク,320,34,0,25,http://bornelund.co.jp/results/childcare-support/7193.html
916,名古屋駅 ベビー用品,320,25,0,17,http://bornelund.co.jp/takashimaya-gatetowermall/
917,唐津ミニット,320,43,0,14,http://bornelund.co.jp/results/boatkidspark-mooovi/7001.html
918,北海道セレクトショップ,320,56,0,27,http://bornelund.co.jp/shop/?shoparea=1
919,トイザらス ベビーザらス みなとみらい 店,6600,44,0,18,http://bornelund.co.jp/markis-minatomirai/
920,市場池公園,1600,88,0,17,http://bornelund.co.jp/results/park/5878.html
921,ベビー用品梅田,1600,54,0,24,http://bornelund.co.jp/hankyu-umeda/
922,クアドリラ,1000,70,0,18,http://bornelund.co.jp/honten/blog/734/
923,甲府市 森林浴 広場,880,29,0,16,http://bornelund.co.jp/results/childcare-support/6004.html
924,札幌 ベビー 用品,390,51,0,14,http://bornelund.co.jp/daimaru-sapporo/
925,ブルー ポンド 通販,320,29,0,20,http://bornelund.co.jp/shop/?shoparea=1
926,プルミエ エトワール,320,75,0,16,http://bornelund.co.jp/takashimaya-gatetowermall/blog/4509/
927,鷲宮 遊び場,260,30,0,16,http://bornelund.co.jp/contents/uploads/sites/2/2024/10/fd8c7287b2927abf0620377c65cfbbcd-1.pdf
928,遊戯施設,880,28,0,31,http://bornelund.co.jp/page/public-playground_list
929,bringオンラインショップ,1600,38,0,31,http://bornelund.co.jp/shop/?shoparea=3
930,bring オンライン ショップ,1600,39,0,31,http://bornelund.co.jp/shop/?shoparea=3
931,三河 安城 ツインパーク,1300,44,0,17,http://bornelund.co.jp/results/park/3595.html
932,テラスモール湘南 ゲーム センター,590,26,0,21,http://bornelund.co.jp/terracemall-shonan/
933,フレンド公園,720,72,0,17,http://bornelund.co.jp/page/public-playground_list
934,電柱値段,480,46,0,15,http://bornelund.co.jp/catalog/pricelist/m/
935,ラブラドゥードル値段,480,59,0,12,http://bornelund.co.jp/catalog/pricelist/m/
936,乳幼児の遊び,480,80,0,10,http://bornelund.co.jp/asobi-no-mori/growth-of-baby/1764.html
937,アマドゥ 遊び場,480,88,0,16,http://bornelund.co.jp/page/public-playground_list
938,梅田 おもちゃ,390,10,0,19,http://bornelund.co.jp/grandfront-osaka/
939,メンダコ特徴,390,40,0,21,http://bornelund.co.jp/contents/uploads/sites/43/2020/05/137f20ed1139fd8c90120f55db1f052b.pdf
940,マグ フォー マー 車,390,65,0,20,http://bornelund.co.jp/honten/blog/490/
941,校庭と は,320,37,0,22,http://bornelund.co.jp/elementary-school/schoolyard.html
942,鹿児島 おもちゃ屋,320,28,0,14,http://bornelund.co.jp/yamagataya/
943,キンダープラッツ 前橋,320,47,0,26,http://bornelund.co.jp/results/childcare-support/902.html
944,エアスポット,260,73,0,17,http://bornelund.co.jp/sapporo-odori/blog/6071/
945,え に わファミリーガーデン りり あ,2400,34,0,13,http://bornelund.co.jp/contents/uploads/sites/2/2023/04/f8cdf2602a44a107a007602765fc2a3e.pdf
946,安満 遺跡 公園 駐 車場,1600,28,0,16,http://bornelund.co.jp/amaiseki-park/blog/33/
947,モーヴィ 丸亀,1000,61,0,29,http://bornelund.co.jp/contents/uploads/sites/2/2023/04/f189dd2c0246bb81e3bc72e3b30ed8e4.pdf
948,サンスター広場,1000,47,0,26,http://bornelund.co.jp/amaiseki-park/
949,あべの アンド,1000,38,0,44,http://bornelund.co.jp/abenoharukasu/
950,しゃぶ扇 南港atc店,1300,40,0,24,http://bornelund.co.jp/results/commercial-facilities/1017.html
951,子どもとは,1000,32,0,28,http://bornelund.co.jp/asobi-no-mori/study/7957.html
952,新生児目の動き,480,54,0,12,http://bornelund.co.jp/asobi-no-mori/growth-of-baby/2020.html
953,伊丹空港 キッズスペース,480,56,0,15,http://bornelund.co.jp/oosaka-kokusai-kukou/
954,福岡 おもちゃ屋,390,33,0,19,http://bornelund.co.jp/iwataya/
955,winwinパーク戸田,320,28,0,18,http://bornelund.co.jp/results/boatkidspark-mooovi/4500.html
956,大阪 国際 女子 マラソン 交通 規制,1000,13,0,16,http://bornelund.co.jp/oosakajou-park/blog/1770/
957,京都市 洛 西 竹林公園 子どもの広場,1300,33,0,13,http://bornelund.co.jp/results/childcare-support/6085.html
958,三河安城ツインパーク,1600,43,0,17,http://bornelund.co.jp/results/park/3595.html
959,おてひめわくわくランド,880,62,0,14,http://bornelund.co.jp/page/public-playground_list
960,カブッキー,720,48,0,15,http://bornelund.co.jp/results/childcare-support/3570.html
961,コスタ ビレッジ エスパー ナ,590,53,0,19,http://bornelund.co.jp/results/resort-sport/2124.html
962,プール ゲーム,590,51,0,27,http://bornelund.co.jp/ec/detail.php?id=3820
963,ピサーロの森,590,33,0,8,http://bornelund.co.jp/results/childcare-support/6004.html
964,レンドルフ千葉本店,480,33,0,22,http://bornelund.co.jp/shop/?shoparea=1
965,ブリューランド,480,27,0,42,http://bornelund.co.jp/shop/?shoparea=5
966,宮津公園,390,33,0,18,http://bornelund.co.jp/results/childcare-support/3583.html
967,ブンリン,390,51,0,18,http://bornelund.co.jp/shop/?shoparea=1
968,トランポリン京都,390,34,0,32,http://bornelund.co.jp/results/kompan/9033.html
969,電車ごっこ 保育,320,60,0,11,http://bornelund.co.jp/tokyu-kichijoji/blog/6583/
970,落ち葉アート 大人,320,23,0,33,http://bornelund.co.jp/honten/blog/4524/
971,五感を刺激する,320,58,0,20,http://bornelund.co.jp/asobi-no-mori/growth-of-baby/1776.html
972,ベビーザ ら ス みなとみらい,320,55,0,17,http://bornelund.co.jp/markis-minatomirai/
973,グロースリンクかちどき,5400,64,0,15,http://bornelund.co.jp/results/childcare-support/2135.html
974,トランドール,3600,41,0,36,http://bornelund.co.jp/shop/?shoparea=7
975,グリングリン 春日井,3600,36,0,26,http://bornelund.co.jp/contents/uploads/sites/2/2022/01/c9308822149cce65d794771d66ed20eb.pdf
976,りり あ 恵庭,1600,71,0,20,http://bornelund.co.jp/contents/uploads/sites/2/2020/11/85965e278ce2a4925347eef6a2921206.pdf
977,エンターテイメントフィールド ららぽーとexpocity店,1600,39,0,18,http://bornelund.co.jp/lalaport-expocity/
978,ハンズ奈良店,1000,45,0,20,http://bornelund.co.jp/kintetsu-nara/
979,レジャーランド池袋,1300,60,0,17,http://bornelund.co.jp/ikebukuro-tobu/
980,ぶん りんどう,1300,42,0,32,http://bornelund.co.jp/shop/?shoparea=7
981,武蔵小杉 遊び場,880,26,0,18,http://bornelund.co.jp/grandtree-musashikosugi/
982,武蔵 小杉 ゲーム センター,1000,60,0,19,http://bornelund.co.jp/grandtree-musashikosugi/
983,有明ガーデン 遊び場,880,26,0,29,http://bornelund.co.jp/ariake/
984,函館 蔦 屋,1000,33,0,39,http://bornelund.co.jp/results/commercial-facilities/1014.html
985,おもちゃ 屋 福岡,390,29,0,19,http://bornelund.co.jp/iwataya/
986,サワードウ ブレッド どこで 買える,320,57,0,25,http://bornelund.co.jp/shop/?shoparea=5
987,今治こども公園 おひさまパーク,2900,75,0,16,http://bornelund.co.jp/contents/uploads/sites/2/2024/02/c662afa988b7f65b428bed3eec4051ad.pdf
988,七里 ふたばこども園,1000,23,0,17,http://bornelund.co.jp/results/infant-classroom/2786.html
989,紳士たれ,720,56,0,24,http://bornelund.co.jp/futakotamagawa/blog/category/other/
990,川口 サービス エリア,1300,33,0,33,http://bornelund.co.jp/results/childcare-support/7193.html
991,ブリーディングセンター,1300,76,0,20,http://bornelund.co.jp/results/medical-facilities/5206.html
992,エスコン遊び場,390,49,0,21,http://bornelund.co.jp/results/boatkidspark-mooovi/8042.html
993,各務原イオン遊び場,320,30,0,17,http://bornelund.co.jp/page/kakamigahara_2107
994,ペップキッズ郡山 予約,320,27,0,11,http://bornelund.co.jp/results/childcare-support/904.html
995,コクーン10 オフ,320,53,0,28,http://bornelund.co.jp/saitamashintoshin/blog/5820/
996,みなとみらい ベビーザ ら ス,320,43,0,17,http://bornelund.co.jp/markis-minatomirai/
997,尼崎競艇場,3600,47,0,35,http://bornelund.co.jp/results/boatkidspark-mooovi/7046.html
998,趣味の森,2400,45,0,18,http://bornelund.co.jp/results/childcare-support/6004.html
999,新生児との遊び方,1300,53,0,24,http://bornelund.co.jp/asobi-no-mori/growth-of-baby/1761.html
1000,川口サービスエリア,1300,31,0,34,http://bornelund.co.jp/results/childcare-support/7193.html
1001,軽井沢アウトレット 遊び場,480,40,0,18,http://bornelund.co.jp/results/commercial-facilities/9762.html
1002,吹田アウトレット,480,25,0,38,http://bornelund.co.jp/lalaport-expocity/
1003,ボルダリング天王寺,480,71,0,23,http://bornelund.co.jp/tennojipark/
1004,新浦安きらきら 保育園,390,28,0,12,http://bornelund.co.jp/results/nursery-school/3836.html
1005,流山おおたかの森遊び場,390,25,0,16,http://bornelund.co.jp/nagareyamaootakanomori/
1006,札幌ベビー用品,390,49,0,15,http://bornelund.co.jp/daimaru-sapporo/
1007,校庭とは,320,39,0,20,http://bornelund.co.jp/elementary-school/schoolyard.html
1008,トッズ 名古屋,320,44,0,20,http://bornelund.co.jp/takashimaya-gatetowermall/
1009,グランツリー 遊び場,320,29,0,17,http://bornelund.co.jp/grandtree-musashikosugi/
1010,にこはぴきっず 池袋店,2900,65,0,19,http://bornelund.co.jp/ikebukuro-tobu/
1011,れんげ じ スマイルホール,1900,49,0,16,http://bornelund.co.jp/results/commercial-facilities/9436.html
1012,トランポリン 川崎,1000,70,0,22,http://bornelund.co.jp/kawasaki/
1013,ブリッジ パーク,1300,45,0,16,http://bornelund.co.jp/results/park/5878.html
1014,デンパークディノランド,1600,43,0,17,http://bornelund.co.jp/results/park/3595.html
1015,尼崎 ウォーターパーク,1300,76,0,20,http://bornelund.co.jp/results/boatkidspark-mooovi/7046.html
1016,アイロン ビーズ アルファベット 図案,390,4,0,20,http://bornelund.co.jp/sogo-yokohama/blog/6088/
1017,お得 キャンペーン,480,22,0,32,http://bornelund.co.jp/daikanyama/blog/category/campaign/
1018,プレイパーク いただき,320,27,0,20,http://bornelund.co.jp/contents/uploads/sites/2/2019/05/7dd33734072f6f0f40b279e263e80f58.pdf
1019,モンベル 川崎ルフロン店,1900,53,0,18,http://bornelund.co.jp/kawasaki/
1020,新生児 遊び方,1300,68,0,23,http://bornelund.co.jp/asobi-no-mori/growth-of-baby/1761.html
1021,カラオケ オアシス 森ノ宮 店,1600,51,0,19,http://bornelund.co.jp/results/resort-sport/1050.html
1022,横浜こども医療センター,880,29,0,15,http://bornelund.co.jp/results/medical-facilities/1004.html
1023,モンベル 川崎 ルフロン 店,2400,40,0,18,http://bornelund.co.jp/kawasaki/
1024,キッズユーエスランド 佐賀大和店,1600,32,0,21,http://bornelund.co.jp/results/childcare-support/2693.html
1025,多幸公園,720,62,0,18,http://bornelund.co.jp/amaiseki-park/
1026,都城 南部ふれあい広場,590,62,0,17,http://bornelund.co.jp/results/childcare-support/6054.html
1027,軽井沢アウトレット キッズパーク,590,22,0,26,http://bornelund.co.jp/results/commercial-facilities/9762.html
1028,大島五丁目公園,590,33,0,17,http://bornelund.co.jp/results/park/920.html
1029,マグビルド マグ フォー マー,590,48,0,21,http://bornelund.co.jp/honten/blog/638/
1030,アイブラ値段,480,28,0,10,http://bornelund.co.jp/catalog/pricelist/m/
1031,ボンセジュール 茨木 万博 公園,590,68,0,14,http://bornelund.co.jp/amaiseki-park/
1032,ボンセジュール茨木万博公園,590,65,0,14,http://bornelund.co.jp/amaiseki-park/
1033,川崎駅 遊び場,390,37,0,17,http://bornelund.co.jp/kawasaki/
1034,新生児 遊び,390,67,0,15,http://bornelund.co.jp/asobi-no-mori/growth-of-baby/1761.html
1035,キディ ランド 鹿児島,390,42,0,20,http://bornelund.co.jp/yamagataya/
1036,いただき 生駒,390,43,0,32,http://bornelund.co.jp/contents/uploads/sites/2/2019/05/7dd33734072f6f0f40b279e263e80f58.pdf
1037,遊具の種類,320,42,0,15,http://bornelund.co.jp/catalog-kids.html
1038,桂馬裏,320,50,0,22,http://bornelund.co.jp/ec/detail.php?id=4158
1039,ボーネルンド 車,320,44,0,15,http://bornelund.co.jp/aeonmall-hiroshimafuchu/blog/5775/
1040,阪急 百貨店 年末 年始 営業 時間,260,23,0,20,http://bornelund.co.jp/hakata-hankyu/blog/4087/
1041,mitsui outlet park yokohama bayside,27100,30,0,32,http://bornelund.co.jp/results/commercial-facilities/5699.html
1042,元気ランド,2400,37,0,29,http://bornelund.co.jp/results/childcare-support/902.html
1043,mooovi からつ,2900,4,0,19,http://bornelund.co.jp/results/boatkidspark-mooovi/7001.html
1044,尼崎ウォーターパーク,1300,70,0,20,http://bornelund.co.jp/results/boatkidspark-mooovi/7046.html
1045,サン スター 広場,1000,46,0,26,http://bornelund.co.jp/amaiseki-park/
1046,みなとみらいポイントアプリ,1000,36,0,20,http://bornelund.co.jp/markis-minatomirai/blog/4526/
1047,キッズビレッジ,1000,45,0,30,http://bornelund.co.jp/results/childcare-support/2135.html
1048,ミリカヒルズ,1300,41,0,16,http://bornelund.co.jp/results/housing-complex/937.html
1049,パーゴラ広場,1300,39,0,20,http://bornelund.co.jp/results/childcare-support/6085.html
1050,こいのぼり の 由来,1300,39,0,29,http://bornelund.co.jp/honten/blog/221/
1051,新生児 目の動き,480,55,0,12,http://bornelund.co.jp/asobi-no-mori/growth-of-baby/2020.html
1052,蔦 屋 湘南,320,26,0,42,http://bornelund.co.jp/results/commercial-facilities/1021.html
1053,大島団地公園,390,27,0,17,http://bornelund.co.jp/results/park/920.html
1054,孫娘,1300,53,0,24,http://bornelund.co.jp/asobi-no-mori/study/1663.html
1055,カルプリの森 軽井沢あそびの森,1300,45,0,18,http://bornelund.co.jp/results/commercial-facilities/9762.html
1056,三河 安城 ツイン パーク,1600,43,0,17,http://bornelund.co.jp/results/park/3595.html
1057,南港公園,1600,35,0,25,http://bornelund.co.jp/results/commercial-facilities/1017.html
1058,池袋ランドセル,480,64,0,28,http://bornelund.co.jp/ikebukuro-tobu/
1059,熊本 おもちゃ屋,390,31,0,15,http://bornelund.co.jp/tsuruya/
1060,川崎駅遊び場,390,39,0,17,http://bornelund.co.jp/kawasaki/
1061,山内 中央 公園 ちびっこ 広場,390,42,0,11,http://bornelund.co.jp/page/public-playground_list
1062,微細運動 遊び,320,59,0,6,http://bornelund.co.jp/takamatsu-mitsukoshi/blog/4749/
1063,体の不思議 遊び,320,28,0,17,http://bornelund.co.jp/asobi-no-mori/asobi-special/4916.html
1064,ベビーザらス みなとみらい,320,56,0,17,http://bornelund.co.jp/markis-minatomirai/
1065,ブリング 大宮,320,57,0,23,http://bornelund.co.jp/shop/?shoparea=3
1066,キンダープラッツ前橋,320,44,0,18,http://bornelund.co.jp/results/childcare-support/902.html
1067,コクーン遊び場,320,23,0,16,http://bornelund.co.jp/saitamashintoshin/
1068,mooovi 芦屋,6600,61,0,25,http://bornelund.co.jp/results/boatkidspark-mooovi/7046.html
1069,ぱんぷきんハウス,320,38,0,12,http://bornelund.co.jp/results/childcare-support/8509.html
1070,minamoni 有明,320,44,0,13,http://bornelund.co.jp/ariake/
1071,わくわくピサーロの森,1900,34,0,13,http://bornelund.co.jp/results/childcare-support/6004.html
1072,ベビー用品新宿,1600,47,0,18,http://bornelund.co.jp/isetan-shinjuku/
1073,浦ノ内遊具公園,320,28,0,12,http://bornelund.co.jp/results/park/6464.html
1074,高槻 公園 大きい,260,66,0,17,http://bornelund.co.jp/amaiseki-park/
1075,森のこども広場,1000,41,0,30,http://bornelund.co.jp/results/boatkidspark-mooovi/7046.html
1076,格致つどいの広場,590,50,0,16,http://bornelund.co.jp/results/childcare-support/6085.html
1077,格致 つどい の広場,590,50,0,16,http://bornelund.co.jp/results/childcare-support/6085.html
1078,共 励 プレイパーク,590,31,0,24,http://bornelund.co.jp/results/childcare-support/6054.html
1079,落ち葉アート 子ども,590,24,0,12,http://bornelund.co.jp/honten/blog/4524/
1080,筒井池公園,480,65,0,16,http://bornelund.co.jp/amaiseki-park/
1081,サラダボウルアメリカ,480,37,0,22,http://bornelund.co.jp/asobi-no-mori/children-in-the-world-vol48/
1082,新浦安 きらきら 保育園,390,29,0,12,http://bornelund.co.jp/results/nursery-school/3836.html
1083,泉南 スケートパーク,390,23,0,25,http://bornelund.co.jp/results/park/5878.html
1084,トランポリン 京都,390,33,0,26,http://bornelund.co.jp/results/kompan/9033.html
1085,おもちゃ屋 熊本,390,27,0,20,http://bornelund.co.jp/tsuruya/
1086,ちきゅうのにわ 大阪,390,93,0,20,http://bornelund.co.jp/tennojipark/
1087,パークウィンド,320,62,0,25,http://bornelund.co.jp/page/public-playground_list
1088,コクーン 年末 年始,320,23,0,42,http://bornelund.co.jp/saitamashintoshin/blog/3828/
1089,ぐりんぐりん春日井,3600,35,0,17,http://bornelund.co.jp/contents/uploads/sites/2/2022/01/c9308822149cce65d794771d66ed20eb.pdf
1090,無印 良品 千葉 そごう,1600,53,0,22,http://bornelund.co.jp/sogo-chiba/
1091,天王寺 ボーリング,1000,61,0,20,http://bornelund.co.jp/tennojipark/
1092,蔦屋書店湘南,480,26,0,45,http://bornelund.co.jp/results/commercial-facilities/1021.html
1093,プレイパークいただき,320,25,0,20,http://bornelund.co.jp/contents/uploads/sites/2/2019/05/7dd33734072f6f0f40b279e263e80f58.pdf
1094,アットパーク市民活動拠点ベテルギウス,320,36,0,16,http://bornelund.co.jp/results/childcare-support/2693.html
1095,ブルーポンド,5400,39,0,19,http://bornelund.co.jp/shop/?shoparea=1
1096,にじいろ広場,1000,40,0,13,http://bornelund.co.jp/results/childcare-support/8131.html
1097,わくわくランドあらい,1000,50,0,18,http://bornelund.co.jp/results/childcare-support/6041.html
1098,安満遺跡公園 東の広場,1600,47,0,25,http://bornelund.co.jp/amaiseki-park/
1099,ボートレース尼崎 尼崎 競艇 場,90,41,0,39,http://bornelund.co.jp/results/boatkidspark-mooovi/7046.html
1100,ゲーム　アクアリウム,1300,51,0,35,http://bornelund.co.jp/ec/detail.php?id=3820
1101,安満遺跡公園 東 駐 車場,480,34,0,16,http://bornelund.co.jp/amaiseki-park/blog/33/
1102,ロンドン杜公園,480,80,0,17,http://bornelund.co.jp/amaiseki-park/
1103,マーダッコ,480,35,0,25,http://bornelund.co.jp/contents/uploads/sites/43/2020/05/137f20ed1139fd8c90120f55db1f052b.pdf
1104,生駒山上 遊園地 いただき,390,51,0,34,http://bornelund.co.jp/contents/uploads/sites/2/2019/05/7dd33734072f6f0f40b279e263e80f58.pdf
1105,武蔵小杉 ハンズ,390,52,0,21,http://bornelund.co.jp/grandtree-musashikosugi/
1106,巽東公園,390,76,0,17,http://bornelund.co.jp/playground/playville
1107,メンダコ 写真,390,36,0,18,http://bornelund.co.jp/contents/uploads/sites/43/2020/05/137f20ed1139fd8c90120f55db1f052b.pdf
1108,パズル 魚,390,32,0,20,http://bornelund.co.jp/terracemall-shonan/blog/2046/
1109,アイロン ビーズ 名前,390,20,0,19,http://bornelund.co.jp/lalaport-expocity/blog/1029/
1110,いただき生駒,390,43,0,32,http://bornelund.co.jp/contents/uploads/sites/2/2019/05/7dd33734072f6f0f40b279e263e80f58.pdf
1111,レクト遊び場,320,59,0,15,http://bornelund.co.jp/lect-tsite/
1112,二子 玉川 おもちゃ 屋,320,17,0,16,http://bornelund.co.jp/futakotamagawa/
1113,たまプラーザハンズ,320,37,0,31,http://bornelund.co.jp/tamaplaza-terrace/
1114,air track,320,51,0,42,http://bornelund.co.jp/products/airtrack_factory
1115,アクアクリーチャーズ,320,33,0,21,http://bornelund.co.jp/ec/detail.php?id=3820
1116,みなとみらい ベビー用品,320,36,0,17,http://bornelund.co.jp/markis-minatomirai/
1117,あべの ハルカス こども,320,37,0,30,http://bornelund.co.jp/abenoharukasu/
1118,無印良品 千葉そごう,1600,53,0,22,http://bornelund.co.jp/sogo-chiba/
1119,川口pa,480,38,0,21,http://bornelund.co.jp/results/childcare-support/7193.html
1120,どんぐりマラカス,480,22,0,12,http://bornelund.co.jp/oosakajou-park/events/3316/
1121,池袋 ドール,320,40,0,20,http://bornelund.co.jp/ikebukuro-tobu/
1122,ボーネルンド 出産祝い,320,21,0,16,http://bornelund.co.jp/
1123,ワモア川本,3600,34,0,18,http://bornelund.co.jp/results/childcare-support/898.html
1124,武蔵小杉遊び場,880,31,0,16,http://bornelund.co.jp/grandtree-musashikosugi/
1125,森 の こども 広場,1300,42,0,37,http://bornelund.co.jp/results/boatkidspark-mooovi/7046.html
1126,体温 乳児,720,26,0,11,http://bornelund.co.jp/honten/blog/290/
1127,高槻市安満遺跡公園,480,62,0,35,http://bornelund.co.jp/amaiseki-park/
1128,乳幼児のこと,480,71,0,13,http://bornelund.co.jp/asobi-no-mori/growth-of-baby/2280.html
1129,カラコロツリー,390,28,0,15,http://bornelund.co.jp/hareterra-higashioomiya/blog/241/
1130,高島屋泉北 閉店,260,13,0,26,http://bornelund.co.jp/senboku-takashimaya/blog/2416/
1131,オンセンド浜松船越店,320,33,0,21,http://bornelund.co.jp/takamatsu-mitsukoshi/
1132,戸外,5400,57,0,11,http://bornelund.co.jp/environment
1133,ジャングル 札幌店,2900,48,0,16,http://bornelund.co.jp/daimaru-sapporo/
1134,博多阪急の営業時間,1900,28,0,38,http://bornelund.co.jp/hakata-hankyu/blog/4074/
1135,こどもひろばどれみ フォレオ博多店,1600,88,0,12,http://bornelund.co.jp/page/hakata-riverainmall_2101
1136,ベビー用品 新宿,1600,45,0,18,http://bornelund.co.jp/isetan-shinjuku/
1137,乳幼児 のこと,480,45,0,12,http://bornelund.co.jp/asobi-no-mori/growth-of-baby/1694.html
1138,エビフライ遊具,320,57,0,31,http://bornelund.co.jp/catalog-kids.html
1139,函館tsutaya,880,29,0,34,http://bornelund.co.jp/results/commercial-facilities/1014.html
1140,蔦屋函館,720,25,0,43,http://bornelund.co.jp/results/commercial-facilities/1014.html
1141,こども ひろば どれみ フォレオ博多店,1600,54,0,14,http://bornelund.co.jp/results/park/6821.html
1142,流星台プレイパーク,590,50,0,21,http://bornelund.co.jp/results/commercial-facilities/8096.html
1143,オート タウン キッズ パーク,720,32,0,14,http://bornelund.co.jp/results/cardealership/1044.html
1144,アウトレット吹田,480,27,0,39,http://bornelund.co.jp/lalaport-expocity/
1145,あべのキューズモール 遊び場,480,68,0,17,http://bornelund.co.jp/tennojipark/
1146,メンダコ写真,390,31,0,18,http://bornelund.co.jp/contents/uploads/sites/43/2020/05/137f20ed1139fd8c90120f55db1f052b.pdf
1147,ガーデンズ ガチャガチャ,390,37,0,19,http://bornelund.co.jp/nishinomiya-hankyu/
1148,さいたま新都心　遊び場,390,31,0,16,http://bornelund.co.jp/saitamashintoshin/
1149,コクーン 年末年始,320,23,0,42,http://bornelund.co.jp/saitamashintoshin/blog/3828/
1150,体温新生児,8100,39,0,27,http://bornelund.co.jp/honten/blog/290/
1151,こどもらんど,2400,35,0,32,http://bornelund.co.jp/results/childcare-support/9446.html
1152,タイトーステーション アイシティ21松本店,390,43,0,19,http://bornelund.co.jp/inoue-eyecity21/
1153,上桂公園,1900,45,0,9,http://bornelund.co.jp/results/childcare-support/6085.html
1154,志和 池 中央 ふれあい 広場,880,40,0,16,http://bornelund.co.jp/results/childcare-support/6054.html
1155,もみの木 保育園 太子堂,880,32,0,15,http://bornelund.co.jp/results/nursery-school/853.html
1156,北本 東 スマイル こども 園,590,39,0,13,http://bornelund.co.jp/results/childcare-support/898.html
1157,コスタビレッジエスパーナ,590,51,0,19,http://bornelund.co.jp/results/resort-sport/2124.html
1158,ディズニー ストア 浜松 遠 鉄 店,590,53,0,22,http://bornelund.co.jp/entetsu/
1159,拒馬,480,21,0,18,http://bornelund.co.jp/ec/detail.php?id=4158
1160,メンダコとは,480,39,0,25,http://bornelund.co.jp/contents/uploads/sites/43/2020/05/137f20ed1139fd8c90120f55db1f052b.pdf
1161,巽東 公園,390,73,0,17,http://bornelund.co.jp/playground/playville
1162,西宮ガーデンズ 遊び場,390,49,0,33,http://bornelund.co.jp/nishinomiya-hankyu/
1163,知育 マグネット,320,85,0,18,http://bornelund.co.jp/
1164,保育 電車ごっこ,320,58,0,11,http://bornelund.co.jp/tokyu-kichijoji/blog/6583/
1165,パルクール 東京,320,24,0,27,http://bornelund.co.jp/page/parkour_2012
1166,伊丹空港キッズスペース,480,61,0,15,http://bornelund.co.jp/oosaka-kokusai-kukou/
1167,馬畷公園,260,30,0,18,http://bornelund.co.jp/results/park/6464.html
1168,ふれあい遊び親子で楽しくスキンシップ,1300,26,0,12,http://bornelund.co.jp/asobi-no-mori/study/1689.html
1169,遊具の 名前,590,38,0,14,http://bornelund.co.jp/catalog-kids.html
1170,アイシティ21 ディレクトリ,720,40,0,26,http://bornelund.co.jp/inoue-eyecity21/
1171,阿満遺跡公園,590,45,0,39,http://bornelund.co.jp/amaiseki-park/
1172,伸び伸びと,590,42,0,21,http://bornelund.co.jp/asobi-no-mori/toys-calendar/4068.html
1173,淀 競馬 場 公園,480,10,0,35,http://bornelund.co.jp/results/kompan/9033.html
1174,アメリカ サラダボウル,480,38,0,18,http://bornelund.co.jp/asobi-no-mori/children-in-the-world-vol48/
1175,つきみ野5号公園,480,31,0,17,http://bornelund.co.jp/results/park/6821.html
1176,尾崎ファミリー 公園,390,60,0,14,http://bornelund.co.jp/results/kompan/9033.html
1177,北海道ブランド,320,72,0,26,http://bornelund.co.jp/shop/?shoparea=1
1178,大阪 ボウリング ショップ,320,72,0,19,http://bornelund.co.jp/shop/?shoparea=5
1179,伸び伸びとは,320,77,0,22,http://bornelund.co.jp/asobi-no-mori/program/growth-of-baby
1180,音遊び,260,21,0,12,http://bornelund.co.jp/tokiha-wasada/blog/1003/
1181,アクアスクエア,6600,42,0,17,http://bornelund.co.jp/ec/detail.php?id=3820
1182,東大和ビックボックス,1900,38,0,23,http://bornelund.co.jp/results/boatkidspark-mooovi/8220.html
1183,ボウリング天王寺,1000,64,0,19,http://bornelund.co.jp/tennojipark/
1184,プレイランド川崎店,1300,66,0,15,http://bornelund.co.jp/kawasaki/
1185,有明ガーデン遊び場,880,26,0,29,http://bornelund.co.jp/ariake/
1186,甲府市 森林浴広場,880,31,0,16,http://bornelund.co.jp/results/childcare-support/6004.html
1187,おもちゃ屋 京都,590,48,0,15,http://bornelund.co.jp/daimaru-kyoto/
1188,遊場,320,55,0,49,http://bornelund.co.jp/playground/playville
1189,おもちゃ 横浜,320,36,0,17,http://bornelund.co.jp/markis-minatomirai/
1190,五間堀公園,320,63,0,17,http://bornelund.co.jp/results/park/920.html
1191,公園 遊具 一覧,390,52,0,14,http://bornelund.co.jp/catalog-kids.html
1192,アット パーク 市民 活動 拠点 ベテルギウス,320,35,0,16,http://bornelund.co.jp/results/childcare-support/2693.html
1193,あそびのぴろぱ,320,82,0,14,http://bornelund.co.jp/page/earthatplay_2025
1194,高槻あんまん遺跡公園,260,50,0,40,http://bornelund.co.jp/amaiseki-park/
1195,戸田 漕艇場,2900,45,0,36,http://bornelund.co.jp/results/boatkidspark-mooovi/4500.html
1196,外国の遊び,1300,27,0,16,http://bornelund.co.jp/tools
1197,ランバーヤード,720,50,0,23,http://bornelund.co.jp/shop/?shoparea=1
1198,おおたかの森 遊び場,480,27,0,15,http://bornelund.co.jp/nagareyamaootakanomori/
1199,マグビルド 事故,480,48,0,6,http://bornelund.co.jp/news/2023/05
1200,軽井沢 アウトレット あそび パーク,390,39,0,21,http://bornelund.co.jp/results/commercial-facilities/9762.html
1201,ラブラ ドゥードル 価格,320,58,0,12,http://bornelund.co.jp/catalog/pricelist/m/
1202,airtrack,320,59,0,25,http://bornelund.co.jp/products/airtrack_factory
1203,mooovi浜名湖,3600,37,0,17,http://bornelund.co.jp/contents/uploads/sites/2/2019/12/e56e065deee61a349acd6432c561e1af.pdf
1204,アーバンパーク三ツ池公園,1600,31,0,13,http://bornelund.co.jp/results/housing-complex/2634.html
1205,ナノブロック 大人向け,1600,58,0,21,http://bornelund.co.jp/
1206,ボン ブラジル,1000,39,0,25,http://bornelund.co.jp/shop/?shoparea=5
1207,天王寺 ボウリング,1000,66,0,20,http://bornelund.co.jp/tennojipark/
1208,小 山下 遊園 地,320,63,0,17,http://bornelund.co.jp/results/childcare-support/2135.html
1209,バッキーズ オンライン ショップ,320,57,0,21,http://bornelund.co.jp/shop/?shoparea=4
1210,キッズ有明ガーデン,880,47,0,19,http://bornelund.co.jp/ariake/
1211,拒 馬,480,33,0,18,http://bornelund.co.jp/ec/detail.php?id=4158
1212,ディズニーストア 松坂屋,480,50,0,34,http://bornelund.co.jp/matsuzakaya-nagoya/
1213,プチバトー名古屋,390,51,0,19,http://bornelund.co.jp/takashimaya-gatetowermall/
1214,メンダコ 特徴,390,41,0,21,http://bornelund.co.jp/contents/uploads/sites/43/2020/05/137f20ed1139fd8c90120f55db1f052b.pdf
1215,カヌードル,390,26,0,25,http://bornelund.co.jp/
1216,み かげ の森 プラザし も た ど,390,25,0,14,http://bornelund.co.jp/contents/uploads/sites/2/2024/10/8cef490a389b82a6585b5bb64f0dcff2-1.pdf
1217,ベビー用品 名古屋駅,320,27,0,17,http://bornelund.co.jp/takashimaya-gatetowermall/
1218,パルクール東京,320,23,0,27,http://bornelund.co.jp/page/parkour_2012
1219,ゲートタワー ガチャガチャ,320,29,0,26,http://bornelund.co.jp/takashimaya-gatetowermall/
1220,おもちゃのチャペル,1600,83,0,17,http://bornelund.co.jp/tennojipark/
1221,キデイランドららぽーとexpocity店,1000,34,0,29,http://bornelund.co.jp/lalaport-expocity/
1222,こいのぼり由来,1300,41,0,21,http://bornelund.co.jp/honten/blog/221/
1223,森ノ宮 公園,880,73,0,17,http://bornelund.co.jp/oosakajou-park/
1224,東鷲宮 遊び場,480,33,0,15,http://bornelund.co.jp/contents/uploads/sites/2/2024/10/fd8c7287b2927abf0620377c65cfbbcd-1.pdf
1225,エキスポシティ 室内遊び場,480,29,0,16,http://bornelund.co.jp/lalaport-expocity/
1226,各務原イオン 遊び場,320,43,0,17,http://bornelund.co.jp/page/kakamigahara_2107
1227,天王寺 室内 遊び場,320,30,0,25,http://bornelund.co.jp/tennojipark/
1228,りんくう ロング パーク,320,30,0,16,http://bornelund.co.jp/results/park/5878.html
1229,東雲二丁目公園,320,39,0,17,http://bornelund.co.jp/results/park/920.html
1230,上桂 公園,1900,50,0,9,http://bornelund.co.jp/results/childcare-support/6085.html
1231,ボーネルンド パズル,480,32,0,17,http://bornelund.co.jp/
1232,イトーヨーカドー安城 遊び場,480,33,0,18,http://bornelund.co.jp/results/park/3595.html
1233,東急ハンズ 奈良,390,51,0,21,http://bornelund.co.jp/kintetsu-nara/
1234,プチバトー 名古屋,390,46,0,19,http://bornelund.co.jp/takashimaya-gatetowermall/
1235,川崎 おもちゃ や,320,22,0,22,http://bornelund.co.jp/kawasaki/
1236,遊具種類,320,60,0,14,http://bornelund.co.jp/catalog-kids.html
1237,あべのハルカス こども,320,37,0,32,http://bornelund.co.jp/abenoharukasu/
1238,都 城市 南部ふれあい広場,4400,53,0,17,http://bornelund.co.jp/results/childcare-support/6054.html
1239,プレイランド,5400,62,0,30,http://bornelund.co.jp/results/childcare-support/2135.html
1240,城北中央公園 こども広場,1600,74,0,16,http://bornelund.co.jp/results/kompan/9048.html
1241,生後1ヶ月 の視力,1000,34,0,17,http://bornelund.co.jp/asobi-no-mori/growth-of-baby/2020.html
1242,エキスポシティ 室内 遊び場,480,28,0,16,http://bornelund.co.jp/lalaport-expocity/
1243,若松 モーヴィ,390,31,0,15,http://bornelund.co.jp/results/boatkidspark-mooovi/6892.html
1244,ふるりん本舗,320,25,0,21,http://bornelund.co.jp/shop/?shoparea=4
1245,養育者とは,880,52,0,17,http://bornelund.co.jp/asobi-no-mori/study/1682.html
1246,セイバン 浦和,880,28,0,23,http://bornelund.co.jp/isetan-urawa/
1247,尼崎 モーター プール,480,61,0,30,http://bornelund.co.jp/results/boatkidspark-mooovi/7046.html
1248,流山おおたかの森 遊び場,390,29,0,16,http://bornelund.co.jp/nagareyamaootakanomori/
1249,天王寺 こども,390,28,0,33,http://bornelund.co.jp/tennojipark/
1250,泉南スケートパーク,390,23,0,25,http://bornelund.co.jp/results/park/5878.html
1251,新浦安きらきら保育園,390,29,0,13,http://bornelund.co.jp/results/nursery-school/3836.html
1252,トヨタ ショールーム 東京,390,10,0,36,http://bornelund.co.jp/results/cardealership/5965.html
1253,落ち葉アート 保育,320,33,0,11,http://bornelund.co.jp/honten/blog/4524/
1254,浦安きらきら 保育園,320,31,0,12,http://bornelund.co.jp/results/nursery-school/3836.html
1255,布絵本洗い方,320,42,0,19,http://bornelund.co.jp/tokyu-kichijoji/blog/8895/
1256,みなとみらい ベビーザらス,320,42,0,17,http://bornelund.co.jp/markis-minatomirai/
1257,トラン ドール,3600,40,0,36,http://bornelund.co.jp/shop/?shoparea=7
1258,外林,1600,42,0,15,http://bornelund.co.jp/shop/?shoparea=7
1259,ファミリーマート atc店,1300,31,0,21,http://bornelund.co.jp/results/commercial-facilities/1017.html
1260,池袋 レジャーランド,1300,55,0,17,http://bornelund.co.jp/ikebukuro-tobu/
